  8.9029555912113399E-15   1.5008578187121793E-15   8.7939080508380035E-15   1.4693352869750747E-14   2.3900848120202774E-15   5.8775544348499308E-14   1.3240729463025600E-13   1.2812523535730240E-13   1.1569381941919403E-14   9.1790155912799727E-13   1.5387745956766600E-11   3.6562283427995389E-15   3.9050994005584159E-10   1.1830761594293594E-12   6.9547711929738658E-14   2.9080188226076875E-12   3.6154739794645628E-12   1.4478379548009695E-13   2.1283278136090067E-13   1.1105028676541289E-12   3.1282003536867050E-13   1.0108024135791153E-15   4.8147990285771279E-15   1.1241217058028693E-14   4.4696073825079289E-11   3.1934654159835653E-10   6.3605269781685294E-11   3.0927526403887481E-11   1.3298048603430499E-11   2.4673669876604519E-09   2.9285657906240594E-11   5.3041195574875840E-11   4.8542521092910698E-09   1.8452991025723936E-10   9.8255374098597112E-09   4.7357428742553037E-11   1.6516004012786989E-11   3.0592646923798284E-11   1.6488179850420399E-09   4.4835056779239822E-11   5.7102648052361549E-12   1.1751753281039130E-10   8.8322664548648269E-08   3.0824128590673458E-09   1.8518828178486124E-11   2.2652885400053672E-11   2.5039269283954880E-11   1.4668142065610840E-09   4.6754276380049922E-10   5.8722541067430928E-11   1.0239317796685780E-11   2.8374603503232757E-11   2.1719432268669958E-11   6.6494310454931076E-11   3.2316676829733998E-09   6.7314071213803945E-09   1.9941873917149564E-11   3.6213033608882753E-09   4.8508867378822459E-11   4.5000306242337334E-10   4.6189496425501013E-11   9.0617793560680467E-10   3.4611438662015353E-11   2.3674833830360227E-08   1.2432945452907545E-07   7.3913793238365841E-09
  3.7256757690220930E-14   3.5155233180567798E-15   3.2847659509558023E-15   1.7851315132298916E-15   1.8206327420342964E-15   7.6887743383158183E-14   1.8175894597508083E-13   1.0418849406219535E-12   7.5409437408244755E-15   2.7667783744382667E-12   3.4948790283615616E-11   9.1363985144772000E-15   6.2121889022536432E-11   6.2370832314922270E-12   3.2490296575258787E-13   1.2912398571530034E-11   1.0500722690105159E-11   4.3697694143603764E-13   3.5234708846740976E-12   7.9351710983884452E-12   7.9028523365459711E-13   9.7890284188334387E-15   8.7116233349572788E-15   1.7826539684339856E-15   4.0835690482094902E-11   6.8805873377642150E-09   3.1530576565306377E-10   1.6380081532600355E-11   2.4950395287043864E-11   8.7252128292968401E-09   2.2634232438466513E-11   8.8148764603318977E-11   5.9518564062439863E-10   1.3593543192284630E-10   6.4553539229939039E-09   3.3917088751947680E-11   1.0126090484434311E-10   5.7951829951362168E-11   1.4692458162061023E-09   4.0671496498624646E-11   4.4612473205998728E-12   1.2543303046733208E-11   9.4972857216919536E-08   1.3977333432789599E-08   1.4592165905817233E-11   2.4674147779124230E-11   1.7079905110624328E-10   9.9121958223572527E-10   3.4489221461820031E-09   4.6804878640367100E-11   2.6248974914427383E-11   1.1106314037206212E-11   5.9119468432925008E-11   7.5751549879943678E-11   6.0441220879306154E-09   2.4096382334095199E-09   4.3996982197534302E-12   8.5098375868996397E-10   3.9073489334157430E-11   4.0710025933942544E-10   1.4701221500939301E-10   1.1806503381168719E-08   1.4610482488554072E-10   1.3787506674231832E-07   1.1187551684224884E-06   4.2374943936261091E-08
  5.0942448384134757E-15   1.7450799682793918E-15   9.5826830540949296E-15   7.5035416635476962E-15   1.3387442468602422E-15   2.3498787479587702E-14   5.8889370446064089E-14   4.3042942376162383E-14   1.6352988854635467E-15   1.8135103090610422E-13   3.0577794945181661E-13   3.5220288022902979E-14   1.7346154868163388E-12   1.0947649810452868E-13   4.7678813850870494E-14   5.7838982281150226E-13   1.1185560262983514E-12   1.8889306695193810E-13   1.4321321199561831E-13   4.7688239345035640E-13   2.6383314406572364E-13   1.1133479940625561E-14   6.6805090355370915E-15   2.6193178998749629E-15   1.7758150980650646E-12   1.3215519455169319E-10   5.0810941230310803E-11   5.4233592066866021E-12   2.0910513155856729E-11   5.3506175172599358E-11   2.6231865951698288E-11   2.9871785702023345E-11   3.0743069514630847E-11   8.3803483133000272E-12   3.7100612730546437E-11   6.0899257806486642E-13   1.2940396828697570E-11   1.5931983278020387E-11   4.6483626874641740E-10   6.1912293995608726E-12   1.9593335086486538E-12   4.0414410148657632E-12   1.2877029227613239E-09   3.5356577365401946E-10   5.5548332130802477E-12   9.6551808893532184E-12   7.8075715783293141E-11   6.1010344017100249E-11   1.2693769347771421E-10   1.0858315619768665E-11   2.0784316953172484E-12   1.4622078880592380E-11   9.6850518488855107E-12   9.7321656280010941E-12   3.5713467844425111E-10   2.6201921757324216E-10   8.2907057400627058E-13   1.3764439912881902E-10   2.4387691645278895E-11   1.4837853005132550E-10   4.7652766924746789E-12   1.2377421169085891E-10   2.2133889062251075E-11   1.3905894986282214E-09   1.6099658939163658E-08   6.4667764748782535E-10
  3.3755634749849547E-14   1.4118892615189555E-15   8.8799556861837379E-15   1.0657990340385656E-14   2.6018783735939639E-14   5.3674814461788821E-13   1.3945668332002172E-12   1.2771906018639738E-13   1.4299851966792531E-13   3.4149959029243292E-11   7.2254259422204216E-10   2.8787220135366100E-14   1.8546516003690084E-08   2.8920495865964766E-12   1.2020462185543239E-13   1.8516448942119261E-11   1.0487897949387378E-10   1.8457159070074615E-13   3.2595273306183905E-12   2.3821148123580368E-13   8.0483716315508796E-12   8.2608133939332901E-15   5.7477573452319312E-14   3.0340289505647135E-14   1.3665820493916243E-10   2.9676740525099733E-10   7.6362895103460107E-10   5.0025015443550917E-10   1.1480734738623367E-10   2.3805767656776632E-08   7.1820764424531236E-11   3.8862956635760512E-10   1.2749228987339524E-07   2.8789947488012578E-09   3.4984818751958850E-07   1.4688860633729332E-10   1.3592827652483644E-09   2.5928763323047802E-10   7.5549668650034350E-08   3.8558473626567115E-10   8.8649206092933573E-12   2.0411976760580370E-10   3.1928046320484107E-07   6.4048535760780183E-09   2.9005141953723428E-11   1.7306312969491475E-10   1.9088606929653266E-09   3.7249862071359100E-08   9.3252638377512299E-09   8.2601829161126619E-10   2.6721124387684007E-11   2.8356107313374646E-11   2.1886106846020158E-10   7.4483078757272163E-10   1.5856775413641756E-08   1.2471538181803620E-07   5.5818233258990575E-11   9.8516827565149239E-08   3.3505363657775066E-10   1.1909976003937913E-08   1.5344466422911057E-10   1.6189697268082739E-08   1.5849188189450759E-10   3.7806215655465604E-07   1.8910267729001505E-06   8.7012524429350989E-08
  9.4116114383585571E-14   6.9883808284372074E-15   2.4948512073247524E-14   9.5846959116358676E-15   1.2214886932836182E-14   3.7330467768987437E-12   5.8662939400801504E-11   1.4876880802727160E-11   1.2175958597171283E-13   2.4648855451863758E-09   3.0366297990192124E-08   5.0071170211062315E-14   4.8697401038497299E-07   3.6336143854941437E-11   7.9077424542583682E-13   6.0250878266837440E-10   5.0799029339012888E-09   6.1283764681536151E-13   7.8330233308445183E-11   7.2562785646328604E-12   2.0928113203014655E-10   1.0375482467508298E-14   4.6647934567356801E-15   2.4407646263135696E-15   6.1703272456642312E-09   1.4712700632183711E-08   5.7020998938687900E-09   7.9273171541554061E-09   3.1468268155561615E-09   7.0062953614911539E-07   2.9138415041795576E-10   5.8728308646691893E-09   5.3763964380123403E-06   7.3254109187739731E-08   9.1717085018405049E-06   1.8160933685090483E-09   3.2401321611130625E-08   7.4474588195408566E-10   7.2493641115373286E-07   3.1710261261639548E-08   4.2334601336679929E-11   6.7739498562929456E-10   4.8600225080904289E-05   1.3539606037601673E-07   5.9361693632300318E-10   2.4225995032853035E-09   1.3699443394345679E-07   1.2390615558074468E-06   5.8739443496568195E-07   2.4772448380184378E-08   3.5513523059335601E-10   6.4240240578071086E-11   2.5008586887346893E-09   5.4566283750546203E-09   1.2320950219185209E-06   6.9130784060369321E-06   3.0554699317985415E-10   3.4715151018921105E-06   6.0867975289601393E-09   3.5627326357337765E-07   2.5952012446950586E-09   2.1552827972980108E-07   2.3918261139614720E-09   6.9952231101144593E-06   4.3902105942335709E-05   1.4178006319100095E-06
  3.1974284389217125E-13   3.3751951611790105E-16   1.8562147784975213E-14   2.8928766717920819E-14   2.0234199970249576E-14   2.7174353347203339E-13   4.5522314215618588E-12   4.7594347937434247E-12   3.0047510992181065E-14   1.2645607831483768E-10   5.2358028880613355E-10   1.6014749614686886E-14   1.2201044574936734E-07   2.8854048549249484E-11   3.6724519794930666E-13   1.2017202948796601E-09   5.2736900554519766E-10   5.8893604249355723E-14   1.6762789117731720E-10   1.7414486948548535E-11   3.1126132046448084E-10   1.8192766933310286E-14   1.2532507215084020E-14   1.5799183356953954E-14   3.7541613917457022E-09   2.6889431008134271E-08   2.0340722379074604E-08   3.3567720621350084E-09   4.6323465487020587E-10   1.6062911232315870E-07   1.4990800044980958E-10   1.4670674625110598E-09   1.5298131845358565E-06   4.8134625654430371E-08   1.5888004845164055E-06   1.4270935889441302E-09   6.2051081490356984E-10   8.3342205377959329E-10   1.7233172271348556E-07   3.2775221044017551E-08   5.1393014524662246E-12   1.7754759967553857E-10   7.7881149578506616E-06   1.5612655023271210E-07   2.8347497924977733E-10   8.2343935532263882E-10   1.0122436394838738E-08   2.6460174680913421E-07   3.6656868957245683E-07   1.4005815626323237E-08   2.6093124558204491E-11   6.4448858761829810E-12   6.0396914238335853E-10   4.2441733388507627E-10   4.2502111966483384E-06   3.4145852428169895E-06   1.8657791969295110E-10   1.1984013799263932E-06   1.6170794825920076E-09   2.1433150641077569E-07   2.5878455727121749E-09   2.0094831948052315E-09   1.5207438490915417E-09   4.3926806564752848E-07   3.6353877617529300E-06   1.0894632453263298E-07
  1.5782260730075243E-14   1.8275686692228881E-15   6.8348040898367351E-14   2.9383844296010417E-14   3.5942668914207756E-14   7.8695907890226031E-12   1.0200793585237167E-10   1.9876846393952082E-12   2.6730562695941891E-13   3.2679500834912647E-09   5.1219590556279981E-08   9.7569713266124134E-14   1.3056602201940365E-07   1.4289943581468966E-11   4.6622540282260611E-13   2.2024498147583439E-11   5.6902270100273683E-09   2.0438875867423892E-13   4.5523816543144688E-12   3.1381836774546532E-13   6.2503079348560689E-12   1.0531106774009819E-14   1.1418130931527084E-14   1.5078949955254693E-14   7.1981577337956890E-10   6.6155378746557140E-09   4.7150324774177798E-10   2.1127308027244673E-09   8.0921642575292856E-10   6.2223126712598832E-09   7.9322281963658339E-11   1.1239952018825644E-09   1.2071749960402275E-06   1.2406757153755406E-08   5.0402128099778850E-06   8.7368882663849523E-10   4.5774063423413804E-08   2.9454203280649736E-10   3.2358073076997814E-07   5.8777799574840032E-08   1.8025318570904837E-11   1.2132640556585404E-10   8.4903530755385209E-06   1.7218303027521764E-08   2.9550763189938587E-11   3.1323209316218975E-10   3.6950646977538130E-07   3.9757180226864937E-07   1.1018457515061639E-07   4.0248780342050165E-09   1.1475191004681933E-11   1.9615305169382892E-11   4.1657814692446003E-10   1.4113767901157012E-09   4.7759764598616716E-08   1.2783577261780849E-06   9.1424428985099631E-11   4.2448423249760475E-07   1.5745809120288160E-09   6.1687187061878859E-08   7.9709750650574460E-10   9.1492346155854109E-08   1.0239762885756658E-08   1.2524128098587866E-06   5.4229307390785454E-06   2.3845127585701395E-07
  1.6413229059796050E-15   2.0867858690882622E-18   1.1726139530200226E-16   1.7649661388254803E-16   5.5485421578257399E-17   4.2149667781154978E-15   1.1520007187503447E-14   7.2489692447506208E-14   1.8257665540516065E-15   5.7999000291853388E-14   1.4444004837908312E-11   3.4129121705539839E-16   2.5741445631089784E-11   1.0256688582818633E-12   5.5693653177836480E-16   1.1776215665463441E-12   3.1305047261143689E-12   6.3787082929205315E-16   5.8856287208822419E-14   6.8582017207068988E-14   1.6662230015571624E-13   6.5759678714202218E-16   3.4179862139803306E-16   1.8128237582778010E-18   7.9008535220298665E-12   6.4404426197833244E-10   1.0330727188877844E-11   2.0464823059668630E-11   1.5834159831702956E-12   5.4325350566388406E-10   7.8414238385836314E-12   8.2404366588478280E-12   6.5777636885790285E-11   1.4038686354355669E-10   5.6893777808691399E-09   2.4581895121729472E-12   2.1523457777018426E-14   5.6246489814247798E-12   8.3716619324805630E-10   2.1511503403681920E-11   1.9259424458213043E-13   6.6008954009927634E-13   2.4964237909812558E-08   1.3745382607757075E-10   2.7118558809016954E-13   1.9488276963563039E-12   1.2997170527350687E-11   3.8698087317671072E-10   1.9304811523638084E-11   3.3355176859896726E-11   3.5896326279445616E-14   1.1932585415945716E-12   1.2564678338837208E-11   2.0035211638386429E-11   2.5599113404102822E-10   7.8463861858982339E-11   2.4391197943927958E-13   9.0907307401605428E-10   4.9482351205340791E-13   1.0010219501541384E-10   7.8098311115437476E-12   5.6905182724516844E-10   2.4816713744460938E-12   5.1381760386044589E-09   2.5123140281496674E-08   2.3777053721748476E-09
  3.7966802282561888E-16   1.0847730875492575E-16   1.2434782529474850E-16   1.1509980190215446E-15   4.0809914050283226E-17   8.0197281179049444E-14   1.4397059759187636E-12   9.3111182806179018E-16   1.5794388734446638E-17   9.3987017141515236E-12   2.2969008671026023E-10   6.4698713172782556E-15   1.3525549009196757E-09   9.8720748500248544E-14   1.7994660987814432E-14   7.1489152922155823E-13   1.3566294251899830E-11   3.1015656123358985E-14   2.0877862234896417E-13   3.1920224114818896E-14   4.5243142640642579E-13   1.7498999595368481E-17   2.8359548458718461E-17   2.5717350450181012E-15   1.5364530001925641E-10   1.4691654822420637E-10   1.2109370215349776E-10   3.7338620981605252E-10   5.4172144224896575E-11   5.3490359634139596E-10   3.6181290800352418E-11   2.7427521034617940E-10   1.3843693204426814E-08   7.1648099160017832E-11   5.2826145349938165E-08   2.5894057285712859E-11   1.4828414103367916E-09   2.7869408067482492E-12   1.6803136368026553E-08   4.5288482302268020E-10   1.9889022400426455E-13   1.7195523653278561E-11   3.1258257523944320E-08   2.9799887096944325E-09   1.4702900458156891E-12   6.6945407448922580E-11   3.9230164620229661E-09   4.8918484895338952E-09   2.4351585999901657E-09   1.4213280453886226E-10   8.5908880120324842E-12   4.0075086145581829E-13   1.2522267229782465E-10   3.9705178119677815E-10   1.3575541785914831E-10   8.5208040425183319E-09   1.6540070044605511E-11   2.6330614669317444E-10   1.9421782227769244E-10   1.2374346495044820E-09   2.5282207995601257E-10   4.2363732852486538E-08   2.0692827288130672E-10   5.1961993443145716E-07   1.7428736317397414E-06   1.1558228229644360E-07
  2.5329335793843697E-16   1.9919791663724767E-16   2.3027002190576908E-17   1.8272184047161071E-15   5.3392404312911607E-17   1.5825957856856357E-14   6.0522930111263422E-14   4.4116315879644525E-15   6.6674499011835916E-16   3.2639217019454681E-12   5.9040226560906170E-11   2.2733525499530092E-15   1.3405399081109981E-09   1.3517786350559673E-13   4.0251713680773776E-15   7.3132870195249434E-13   1.0986063251994146E-11   2.1639728474861958E-14   1.7918858805599433E-13   1.6241081089446136E-14   3.0291358698597548E-13   4.4452655328904593E-17   1.2567698733760201E-15   1.3452207242709429E-17   7.8644409624535455E-12   1.0353468732556530E-12   9.9479936663992073E-11   1.1010148185995966E-11   1.3749153289714066E-11   3.2432880439466609E-09   9.6602264478705353E-13   2.7409189570867655E-11   8.2899437438627843E-09   1.7374500025058462E-10   3.2685122493061436E-08   3.1435676222917989E-12   1.7135010477052568E-10   5.3713743908893060E-12   2.1555455127974307E-09   5.7484584730111635E-11   6.4067693495695216E-13   2.2351604807384934E-12   9.0374076830520315E-09   3.7013630006018684E-10   1.7702762014653181E-11   1.5408154021057788E-11   1.2637000839907094E-10   2.4588675096012602E-09   7.1337699574077511E-10   6.1702775973683847E-11   1.0022770593174617E-12   3.7630465068765894E-13   3.3389744178375083E-11   2.0980964102060593E-11   7.9758959998327587E-10   7.1638091870119616E-09   1.4826743665529801E-12   7.3283804186686037E-09   8.0122513198454368E-11   9.4775739129547982E-10   1.2145009012160268E-12   1.6379127276964696E-09   3.3361584717851750E-13   3.4564531774694876E-08   1.4908299855253034E-07   1.0040016301481349E-08
  2.5233282029845373E-16   7.8012515292847941E-20   5.8330141518518283E-17   4.5059430385738074E-16   5.9994682044387132E-17   8.8181288645170705E-18   1.5662724413151339E-15   8.3231445156146305E-15   2.0537998267472689E-17   1.1376818516153685E-15   1.5764733213565042E-12   4.9302970046921279E-16   5.8962264533951852E-12   1.2671929980210129E-13   5.0163624982862656E-16   1.3586727543215572E-18   5.1417190793350219E-13   3.7371911620243519E-16   7.6953891036352601E-16   2.3237820692339795E-15   4.3282206977136829E-14   1.7017356865482047E-17   2.2420361342252019E-16   2.3991435126224361E-17   9.6070100767150729E-14   1.9068472998414262E-11   2.9634647309389046E-12   4.1955944907674604E-12   8.4061893338605145E-13   9.0971089130764148E-11   4.9043311048599539E-13   3.8683688539769207E-13   5.5135833514467998E-12   5.8551056175483410E-12   7.8806713851038630E-10   1.1890610258894502E-12   4.3812275986184045E-13   3.8905806047164745E-12   3.7616323030486584E-14   2.1871658197314690E-15   3.7503085595391801E-15   2.0119422766206137E-12   3.7627867595146038E-09   3.6328536778480789E-10   8.6342344752442134E-14   6.5987155740132992E-15   1.7549751876867543E-12   2.8783805770950912E-11   1.8297502523246868E-11   1.1180983202448225E-12   1.3354452941193533E-13   3.5504004333262381E-13   1.0054063414602820E-14   7.3452297283162535E-12   5.2335478574150938E-10   2.5393384837307071E-12   9.8899823034997720E-14   5.7587633322319839E-11   5.0051060907321550E-12   2.9878593253607663E-11   7.4986067368005669E-14   1.1061272814686818E-10   9.9315251934936104E-12   1.1833970498332381E-09   8.6098401814264726E-09   6.5006451842980875E-10
  8.2063380700276953E-14   2.5241818785118857E-15   3.5551638881640951E-15   3.4372171985030698E-14   9.3200563019717508E-15   1.0006026339518915E-13   3.7037878206006320E-13   2.0678248285151399E-12   4.9185040535164601E-14   5.7254584032881282E-12   4.5271969775064888E-11   6.4086378922246950E-14   4.1500631366349999E-09   6.1631929545627532E-11   1.6580564394682154E-13   2.1744102814576949E-10   1.3286052074737188E-10   2.5288849791048097E-13   4.6905824260038607E-11   6.8636028968885107E-11   6.9253640768222957E-12   1.0382252652807019E-14   2.5487696523652071E-14   2.8665040465233580E-14   2.4325990514711990E-10   9.2514164137523306E-08   2.7785169028590760E-09   1.1764323324208239E-10   3.5189731207674494E-12   1.1129992266366950E-07   1.1114313786259038E-10   1.0521553436165118E-10   9.7267506549685170E-08   8.6898603736253819E-10   3.1385320339979486E-08   5.8746105427676221E-11   1.1573983130948799E-10   3.8773626992505012E-11   6.1216600395349064E-09   3.2054819234930636E-10   1.2458658798054411E-11   1.1426604062922158E-10   2.0898079492723124E-06   8.3394755763327469E-08   9.4236927411682911E-11   2.0311080928648595E-11   6.5872160834639018E-10   5.4691633344222526E-09   2.3135555774476313E-08   2.0277178675600999E-10   4.4457797251364106E-11   1.7482913908370224E-11   1.9966978211601113E-10   3.3980227622552873E-10   2.4201241446841314E-07   1.2716164107259203E-07   1.8499024248806732E-11   2.2573446334597036E-08   1.7669092161231786E-10   4.7826515568558387E-09   2.5461435566021821E-10   5.4327557556654060E-09   1.2729337729319974E-10   3.1204693346952459E-07   4.8315082928063070E-06   8.5682284002574885E-08
  3.0128496880698090E-13   2.7612597796317174E-15   9.9549149651151096E-14   1.4528635166238337E-13   1.8867434424877991E-14   1.8169423534995407E-12   1.1959934305517499E-11   1.9925833606648142E-11   2.3686642831454744E-13   9.8700008068471191E-11   1.8254601093197985E-09   5.2482954497494244E-13   6.4023126016182138E-09   5.6740817903173013E-11   6.3472712958646545E-12   5.3460479132108659E-09   1.1319947998631759E-09   2.2963430803139900E-13   6.0082347925834210E-10   1.3330819222480453E-09   7.0273567603575189E-11   8.4253330391898219E-15   6.9920647214588819E-14   1.0602124503126496E-13   6.5201726283446757E-09   1.0134798048715646E-07   1.9297162893924667E-08   2.0768202073915378E-09   2.7937718781097080E-10   1.3833733231283588E-06   1.1511148537076984E-09   1.5955796643665007E-09   1.4783371192499456E-07   5.1711789423990369E-09   4.2176549845397200E-08   6.2431526745380034E-10   5.1102633242603247E-10   1.6586384353104185E-10   1.6264750387284176E-08   3.5863514326367694E-09   6.5581364013709194E-11   2.8650037679700212E-10   1.3724932404660901E-06   1.2739156993410712E-06   4.0020296952853013E-10   2.4388910798717400E-10   5.1206305178992087E-09   1.5130673193518080E-08   3.8329221249241463E-08   4.5831087177220855E-10   3.5309336094384750E-10   1.3975592360412301E-10   1.1925465837471106E-09   1.8490481058192573E-09   3.1116009687630812E-07   2.6990370866194170E-07   3.6482994340060111E-11   1.0681783820761900E-07   1.0252381249821328E-09   5.7108996651854446E-09   3.8810777555784044E-09   2.9248093458126883E-07   4.8738552255891611E-10   2.3113788848372786E-06   6.1142915838710511E-05   4.5001754789476458E-07
  3.1334705241135416E-13   1.2004036858342139E-14   3.7130907787264300E-13   1.7465073387546456E-13   1.1001238857783121E-13   1.3220776685356330E-10   6.2884187311169478E-10   1.9107915128638214E-09   3.5599814278161413E-13   4.8375127395275603E-09   3.5796665575498883E-08   3.7335149631966384E-11   3.3592005592481262E-08   2.0062396519295288E-09   4.9567012409745790E-10   1.0519145773157576E-09   5.3995616417952257E-09   6.3907909478274758E-12   8.3739172128123724E-11   1.1908007569060551E-09   8.6797069935726233E-11   4.4191386904648401E-13   9.1842398612729834E-13   3.3802472219226770E-13   1.2597296700969643E-07   5.2293788423166414E-08   4.9052707401048347E-07   5.6425510738720595E-08   2.7361283333627220E-09   2.6597528181676587E-05   1.4541020491886754E-08   3.1382362883038901E-08   2.0250289921725757E-07   5.1152097524687586E-08   2.0127080325194113E-06   5.6306319522094085E-10   5.1750874423399483E-09   1.7645803582734371E-09   2.9564769856563767E-06   2.0897558288100249E-07   1.4143187757085258E-09   2.6915583763212817E-09   5.1583046005318994E-06   6.7606052156676662E-06   2.8674976986895358E-09   4.2465966744387844E-09   2.1858080516724665E-07   2.5791491464735371E-07   3.1790484946166109E-07   1.4156325973519066E-09   1.5139973524235415E-09   8.2344755804366778E-10   6.1916562952588619E-09   7.9378025332445327E-08   1.4891527426928942E-07   2.8954340059185238E-08   3.5681816020175854E-10   6.3709222984914575E-08   2.1708296688069877E-08   2.6974501269483060E-07   1.0011160911440298E-07   1.0083332980812684E-05   1.8079944647153175E-08   6.8142613904101246E-05   6.9108557741720479E-04   6.9352297380050316E-06
  3.1533517691903624E-14   7.0014706911522280E-15   2.0668086487581582E-13   9.1541326885790184E-14   1.6450184077811289E-13   2.8031908480356101E-11   4.5686231100943793E-10   7.6893288514755577E-10   1.6879966542955471E-13   8.2431861258667777E-09   2.1374973006888227E-07   1.7524728872212494E-12   1.3085344460241760E-07   5.6400632237970261E-10   3.2449214329428783E-11   4.9690488929946227E-10   1.1737029291093189E-08   1.7416971375218574E-12   1.3084131911544451E-12   3.3010115377823533E-12   5.4408332938334120E-12   2.2597675639552866E-13   5.1323482615183869E-13   2.5685418363811612E-13   1.0835006542307919E-07   2.8484924137175789E-09   2.2813418728537318E-08   6.0887510319597064E-08   1.0052239884886614E-09   1.3937770678135977E-05   1.0909732334774834E-08   3.1872646539627879E-08   3.1716326442806229E-07   4.1805301181913669E-08   3.1188089894992039E-06   1.1937578549456876E-09   3.5740401853700804E-08   1.9835081996623988E-09   3.1452032612711359E-06   5.6250042861241254E-08   1.3157470601999830E-09   3.7064952400985688E-09   1.4189143636490527E-06   1.5632820203204052E-06   3.6508175665856459E-09   4.7893627883486852E-09   1.0262415590314041E-06   5.2043697666262635E-08   5.8415409184100122E-08   1.7247764199851621E-09   6.5811570878179614E-10   7.0091209101696150E-10   7.4680940670931369E-09   1.0982838149453151E-07   6.3888897763901952E-08   7.5517956292364524E-07   1.5680273364013451E-10   5.7276729774353336E-07   3.0228934140055294E-08   1.7765081570020245E-08   9.3057176145331346E-08   1.0653940449118518E-05   2.8115265905795341E-08   1.0537286724323521E-04   4.3713196834698615E-04   1.0580443093522394E-05
  5.6753514651438844E-11   4.2437459059217969E-15   1.4365846352283728E-14   5.7897852537276748E-14   1.3982585151956191E-14   3.0728562388550686E-12   4.1282671023169991E-11   1.1035475529595884E-10   7.3441482819570287E-14   1.6215897011954550E-11   6.0576149412416331E-10   5.4440868487581433E-12   7.7375268872306302E-09   3.2050122709103340E-09   9.7301573054965195E-11   4.7614387005981495E-08   2.0916756061628320E-09   8.5773369833980907E-13   1.1574235010469265E-08   2.1862510661958589E-08   3.1379720777971894E-10   5.3258799472911618E-14   5.1369395275988442E-14   1.8551095557710766E-14   4.9528476360681933E-08   1.5470472344013606E-05   8.0123146654436696E-08   2.9142929858176204E-08   5.3211877110103635E-10   1.3611778084293177E-05   6.2642884862441552E-09   1.1200838764850400E-08   5.3976957021033930E-07   1.5470085094134380E-09   4.2830540565686972E-07   1.7915113370013370E-09   4.1526750779632664E-09   1.3813363370359221E-09   9.1780723519873771E-08   4.3184370361576743E-08   5.4626241933779762E-10   1.7993297288683806E-09   7.2855528811020715E-06   1.9796768051476792E-04   2.0473583483078876E-09   3.5395143572893305E-10   9.2314703705819900E-08   2.0641022584126881E-07   1.9053477416644573E-05   1.0883620869146727E-09   1.2163493918684960E-09   1.0926148101901905E-10   6.2814861170283852E-10   1.5080599967783783E-08   1.3861491251372709E-05   1.1003532776312579E-05   1.5743445833583186E-10   7.1066434231995212E-08   2.2724973706380282E-09   4.6667130562638908E-08   3.9120087861381963E-08   3.3147946084828286E-06   2.7538613348131780E-09   7.2655446024921100E-05   8.4238145397853319E-05   2.9822460275956160E-06
  5.6534502746211003E-13   7.8433509693050594E-17   2.3696345159691966E-16   1.0009987571791100E-15   8.2333773795848310E-16   1.1237141807873546E-13   5.1085851187375486E-13   1.1177642278030952E-11   1.2136258941967944E-15   3.1128577551739562E-11   3.3593810355505983E-10   5.0498523198204067E-14   4.9593370827104404E-08   6.0311104751567876E-10   1.4323443121052055E-13   1.2361220425985354E-09   1.2963488716909347E-09   6.9416968829795465E-16   5.3838071071156154E-11   6.1250264456000611E-11   3.7045650225143903E-12   2.0496678900461184E-15   9.1539768668488153E-16   4.7115746519089064E-16   6.0563677518087333E-09   5.0882021120135895E-07   6.6483803185589936E-08   1.4205815930689665E-10   4.5718417070257302E-10   1.5372746227597705E-06   3.1180120971611496E-12   1.3717267867574563E-09   2.1495551180002759E-06   2.2187873225457449E-08   2.8611938304846591E-07   2.0897570109218371E-09   8.2265016517500480E-10   1.3586982473747204E-09   1.4130190035466073E-07   3.1350805058075273E-08   6.7563736518263832E-12   1.6136709740124040E-11   2.3623423929941717E-06   7.3351202219307883E-06   5.3490282652589538E-10   9.1943583481843741E-10   2.1449494960568999E-09   2.3115221418157266E-08   4.1894542776736824E-07   6.6637084642731783E-09   4.1247923582122084E-10   1.7571021587098776E-11   2.3442947416738322E-09   3.6196937159145996E-09   2.3356841074095601E-05   1.6292313474275163E-06   1.0206229577379167E-11   8.1330367989646030E-07   2.2506429679250913E-09   1.0102046567927996E-07   1.1200066438949074E-09   1.8784989097579220E-08   3.0465298582245996E-11   4.9675656790287468E-06   3.9648134311895126E-05   1.2190589914841074E-06
  2.5086465189872941E-18   3.9541115534410659E-16   1.3041917982984794E-15   1.1078455651244212E-15   1.5341011069756515E-15   2.3773477995676988E-13   6.2805555096858700E-13   1.3970168747572819E-13   1.0912996861766409E-15   3.3026710125192742E-12   1.6338196975409556E-10   7.1477068423266916E-14   9.2694942860295423E-10   6.7369998589523625E-14   1.2110370744247698E-12   2.9554133484084977E-10   1.4173055312638466E-10   9.4404129164795616E-15   3.7089518288753221E-11   6.9890502009834463E-11   9.2434378005405714E-12   7.0655951058858586E-16   1.7088174441351937E-14   4.5330317784166532E-17   2.0733567226199589E-11   9.1532792125264748E-09   3.1629820487237811E-09   3.1409303364812522E-11   3.8147093609923325E-11   6.7583925247891164E-08   6.1312429614773050E-13   1.8630207827977625E-11   4.0139812300734203E-09   1.9438373585008697E-10   1.8227798489555266E-08   3.8868266366438043E-11   1.1350494532726375E-10   1.0348940013040136E-11   1.1983946772302019E-12   2.1377275379183388E-09   2.8023938304787814E-13   9.2384674202240304E-12   2.2413000582989756E-08   4.0066425949644273E-09   3.0667686815349485E-16   1.5516653412390851E-11   7.3204012064390314E-10   1.9697265490163575E-09   1.0181985615760223E-08   7.2219468578216221E-13   5.2915727653701669E-11   7.6685706985502005E-13   9.3492940095757836E-11   2.0577834658055596E-10   1.3985453193865991E-11   2.7263625688292201E-08   7.5684923298137496E-15   2.5841860223867498E-10   1.2057808236488563E-10   3.1603398401769403E-10   4.0721162190946497E-11   3.3097330783321880E-09   1.7475853442716206E-10   2.1282047204828301E-07   3.0286078522470615E-06   4.6808075883409742E-08
  1.1101776172825705E-12   3.0495539093057589E-16   2.9978987833518779E-17   9.3083117332415135E-16   3.9915298434193835E-15   1.8396007613034449E-12   2.8019737515349597E-11   1.3683989061328876E-10   7.3475453069670192E-15   9.9633718941214795E-12   6.4537393524659626E-11   1.0148001183119749E-11   1.8893661285505317E-11   2.5133294628277332E-09   2.0153465419878581E-11   1.5444799589320942E-09   6.4255388601388723E-10   7.1922962941074950E-17   2.4652172815261013E-10   4.1137382694927952E-11   4.0909669924501178E-11   3.3317356670253383E-14   2.4304778510016510E-14   2.0527670590021588E-17   4.7922509099805071E-09   3.7252494241139822E-07   3.9282453150420653E-08   3.3815162607627251E-09   1.4952035208593508E-10   3.0752665579968537E-06   2.1671038530359262E-09   4.2607073428646129E-09   8.6325537549411165E-09   1.8227611351525744E-10   3.4260660110031098E-08   1.6087159564463647E-09   2.3291668665510056E-09   4.2618009266963125E-13   2.7185496177902844E-08   2.8974885407934385E-09   1.3667857540657369E-10   4.7711055715798043E-10   9.4494927476281041E-08   1.2084194621330380E-05   1.3238914080694655E-10   1.8321343027020267E-10   6.5571384283728187E-10   2.1521499054201583E-07   4.2007532239821180E-07   2.0344625478100284E-10   1.3652305342740202E-13   1.7968427024483342E-13   2.7106896587999591E-10   9.2516911104087427E-09   3.7963427600121731E-07   3.7893748849057133E-07   7.7063682466653868E-12   1.3390381494480252E-08   1.1966737920036598E-09   4.6546790314931776E-09   1.1640302106965596E-08   1.0262871278801052E-06   1.1565809692492012E-10   6.6886265536823578E-05   1.5699808152097484E-06   2.1681050809353110E-06
  8.1970874841731251E-13   1.0539944521404087E-17   1.1032029130389763E-15   1.0773956190422791E-19   3.3264720980718721E-16   1.0544994046836849E-14   4.3655019501267738E-13   6.0685072518679620E-12   3.0677934462892865E-16   9.4876129742745379E-13   6.6256701519606208E-11   1.1708968579827569E-16   2.6947359524669451E-10   1.2800495605273591E-10   4.8996552726660486E-13   1.8575839228993009E-09   5.4666130562131425E-10   7.7042092516852308E-17   7.9796964869747990E-11   5.1951631635150953E-11   1.4615664497348481E-11   8.1873430884871081E-17   2.6501179787254944E-16   3.4052705886723821E-16   4.1952116512544999E-10   9.5278521343004069E-07   5.0298683748379854E-08   1.2400101168983477E-10   6.2433511782464704E-11   5.1652666609746900E-09   1.0245199381911181E-10   7.7657044375870253E-12   4.1843462043577884E-09   2.2875757888087352E-11   7.0271379920526760E-08   2.5124307759531117E-10   4.6656602327988383E-11   9.0465541105413884E-11   3.8860334368534067E-09   7.4315622776905967E-09   3.6092775843339880E-12   5.2929568604586144E-14   1.9855170709389289E-08   2.3404039077082632E-05   1.5283621067983662E-12   5.3808915138899734E-12   1.8585868515004005E-09   1.3581436045495750E-08   1.1849021934291098E-07   1.5658800658604188E-12   1.3367320366812986E-11   1.6989409394215052E-13   5.7952021400362061E-11   3.2649677354488814E-10   9.2368629994482788E-07   2.4379654927386085E-08   5.0988156911474156E-12   6.6930578720664922E-10   6.2946966113406403E-11   6.0735127650247243E-10   1.0669752819125048E-10   1.1934252738049543E-08   2.5495066751839744E-10   2.6167816161365848E-07   1.5474239514988965E-07   1.9262845611551695E-08
  5.5097730632975393E-10   2.2785633607661112E-17   1.0133230915541311E-14   6.0194543117530229E-15   6.1563527873392497E-15   2.6722772443446137E-11   2.8297940800743574E-10   5.5416230945020058E-09   2.9477226721062392E-16   8.8388271655655844E-10   3.2808220665464324E-08   4.5843115258843446E-11   9.7990955652168250E-11   3.4782478754611508E-08   6.7393217709147059E-10   4.3826472348619113E-06   1.7928298599427904E-07   2.0508220747514439E-12   6.5200292019877785E-07   1.1375776848135307E-06   2.6762850518619213E-08   4.0642024842062518E-13   6.4899677731911567E-14   3.0814807694685970E-16   1.6191806376771363E-07   5.0292114557442277E-04   1.2747223371440012E-07   8.2702484524165313E-08   2.9776703104243632E-10   5.3925247138251815E-05   7.4115005567455314E-09   2.1818171794792583E-08   1.1900497533546122E-05   6.8450273677180175E-09   1.7167230278754043E-06   1.0715926534590295E-09   7.4721923864290440E-09   5.6067058472696620E-09   2.4647794762287207E-07   4.0566751347593806E-07   1.6708556179520802E-09   5.6938978685923071E-09   1.9382851869117285E-06   2.3649543851642888E-03   7.8825279177023039E-09   1.5349942617444079E-10   1.8822340421797100E-07   1.1685574450377615E-07   2.8280775948335771E-07   2.3203078910165598E-10   3.9303944969352192E-09   1.7133731235269877E-10   1.8009948012703516E-09   1.3497770831417116E-08   4.3520234688150316E-04   2.3130895456352714E-07   6.4712719514277647E-10   2.3946798539789940E-07   1.1950892061407368E-09   1.1332539107040609E-08   1.1720116357516809E-07   9.0636103006783527E-06   2.7441342877828350E-09   3.6827485884565843E-05   2.1547640228890944E-04   1.8469998058899206E-06
  3.0599834892152334E-14   4.3085621893638978E-14   5.9809473626787998E-13   1.9232387817623941E-13   6.1473050529843739E-13   1.6706058207891277E-10   2.9836949932709345E-10   1.4527054140495879E-09   6.7944945333897955E-13   3.1289170653851093E-09   3.5872759116931769E-09   3.1703645127715060E-11   1.6903860540044318E-09   8.5837647537007761E-10   8.4001684744331841E-11   1.4669766527366868E-10   3.6804079315048503E-10   2.2799009911278684E-11   1.0016716386448532E-12   1.0962346744386403E-11   1.7857545150230018E-12   1.0646927081164237E-12   2.3288792492213832E-12   1.1932995222942869E-13   5.6120210478422482E-08   2.4314420246242973E-09   1.0074743640111030E-07   3.2519136456017510E-08   4.7087757084257451E-09   1.4825423213690405E-05   3.0687218712683404E-09   5.9093402178360309E-09   8.0564558333841789E-08   4.5832138987310253E-08   7.6783827759652673E-08   3.8199533059728483E-09   1.3451639916763830E-09   1.9928694173262018E-09   1.5499481212898551E-07   1.4637075513802122E-08   5.2818251883973091E-10   1.6454586276334962E-09   1.2295562341937254E-07   3.4647901957417389E-07   2.0567853684633405E-09   7.4997223834522921E-10   9.2030698932640398E-08   3.4207712683196551E-08   4.6056524199976373E-08   4.1071919439018557E-09   3.4876880746824752E-10   1.0154136207756831E-10   4.0292188010634140E-10   1.0934009809190483E-08   3.6490486565380884E-09   2.2378975736152996E-08   3.5130709230297605E-10   2.0479155751901606E-07   6.4896024112274146E-09   4.2617083994832104E-08   2.6821308335468035E-08   2.4554845078297775E-06   1.6174845472651046E-08   3.3328239485652964E-06   2.4400783551859277E-05   3.4091676111662512E-07
  4.4528915459413350E-14   1.2840375564750112E-14   2.4263864301454125E-11   1.2842009670794121E-11   1.3792934257718795E-11   3.0747819647110128E-09   1.6904426793414779E-09   6.7746388227807494E-09   1.6681304903756164E-11   3.0855945856674164E-09   5.3611379599111434E-09   9.4907598564039392E-10   1.4304015563208736E-09   4.1192953442720916E-10   1.2566668003552441E-09   1.2083167134925067E-10   1.3128500775944293E-10   1.9266110406554057E-10   6.2714444103485611E-13   7.3604575872611651E-12   2.5520386844837056E-13   1.2073135384353700E-10   6.4530302317998486E-11   9.8527071259202852E-12   5.0514580203425365E-07   4.4488443895388493E-09   6.6555642357725786E-08   2.0274259412041247E-07   2.7379608745558919E-07   2.5738081135530443E-04   3.9009866385091916E-08   1.0425384273500128E-07   1.0965990204174747E-07   6.9569018634308280E-07   3.2923743522964757E-08   1.5638418614161787E-07   1.4202164426948097E-07   1.8321862921166202E-07   6.9554685488065384E-06   1.3588838013423054E-07   5.5355381881220329E-09   3.6720270277569144E-08   1.2927170426202994E-07   3.3253365415340306E-07   8.4111757238752695E-09   1.3967719435659025E-08   8.4504155581387725E-07   1.3409666215532218E-07   9.1556435905641717E-08   7.9159430443111230E-08   3.5817613373514355E-09   9.9617007110861970E-10   5.4048798087828481E-08   5.9607695503505930E-08   2.7380195596403511E-09   1.1420279731713756E-07   9.6915479051787907E-09   1.1359791835862048E-05   1.1131353931263733E-07   1.9516660013328293E-05   6.3845528771882754E-07   6.1818274973137152E-05   1.0915519660611234E-05   7.3244082703018362E-06   3.1917927506738750E-05   1.1603300430548573E-05
  4.6467583444078582E-15   5.3351849149092158E-14   5.1799709016835786E-11   6.2334807758903647E-10   3.9126529166616839E-10   1.5081164221164363E-08   1.5349472500586598E-08   1.7961065397581366E-08   6.8206598908467965E-11   1.3480207739066970E-08   1.6405052683492469E-09   2.1506721738725004E-08   9.4575614419789378E-11   9.0970414124984872E-10   2.2569830526586786E-08   3.8174769842263620E-11   1.3010906001703496E-10   1.1483736916890095E-09   1.4781631136011350E-13   4.5632016833932362E-13   7.2056429719280083E-14   8.0968976943346889E-10   4.8694777777352809E-10   9.3267957889915484E-11   1.6336935558962173E-06   1.4599137405647167E-09   3.0535309589507641E-07   1.0718484171863246E-06   2.3729101648314842E-07   7.4432445154761111E-05   2.4356366252575431E-06   1.1104323611456312E-06   7.1507172084147651E-09   2.4456372408763876E-07   8.6787912963850247E-09   2.1698924126699864E-07   5.7668997523079888E-07   8.0610165582420580E-07   2.7632839740603835E-08   4.4577768455873531E-07   1.4620807325181971E-08   2.7120668374844608E-07   2.7228800251787321E-08   4.9607156047211485E-07   9.5788803220417817E-09   2.8833264814470394E-07   2.7645881331871792E-07   1.9105242745793656E-08   2.1915102124835177E-08   6.0784133266864710E-07   1.9183208101545129E-08   6.7049033527373492E-09   8.4537479779208903E-08   4.3598762366265982E-08   1.9168158718355386E-09   2.2697539701460354E-08   5.8663721085131095E-08   6.9057910929207467E-07   4.1879892044633535E-07   5.0778720199678560E-07   3.8700752253071060E-06   1.7239272776464163E-04   1.1958679656986446E-06   1.1351091798039182E-06   7.1418970868069988E-06   1.1469925814383557E-04
  1.9063906811498515E-14   1.5133451331052084E-14   4.6353744876042898E-12   4.7336262234544160E-12   1.1844951470374429E-11   6.8021035112936143E-11   3.5178378822682949E-11   6.3820103488555332E-09   4.8638130184157277E-13   3.1947374067431758E-10   9.4369895056323016E-11   2.9937718355359896E-09   7.3971876205310026E-12   3.5903651993588770E-10   1.4864751546978824E-08   4.3342829937573682E-12   7.2916883705613092E-11   8.4780631512761713E-11   1.0647139209131099E-13   1.8234674244241023E-13   1.5299617485871405E-13   3.2995770801762047E-11   8.7411454917653193E-12   2.4414561618238164E-12   7.1109404389594963E-08   1.5787983681234628E-10   6.1503668303733673E-08   5.3834928027789605E-08   1.1421465568603582E-07   4.0027323837633080E-06   1.0979560854775361E-08   3.3838605173298110E-08   1.0575424063166087E-08   1.5427989271978578E-08   2.6198808032684107E-09   2.6379638558884003E-07   3.0951254223448197E-08   8.2052571125742659E-09   1.2821819260672096E-08   3.9864789895436683E-07   6.5409080104636332E-10   2.5301634769030226E-09   3.9553294371616726E-09   1.5736320153741789E-07   1.2227972861259470E-09   2.8868681582187850E-08   1.3065580993091634E-07   9.3017113700640575E-09   1.9875210757907066E-09   1.0433075794921519E-07   4.0087548293465526E-09   4.0589651555304350E-10   6.6045995082960590E-09   4.5604117168357946E-08   1.1047547993163493E-09   2.0193718483446325E-09   6.2037233705692683E-10   1.0548190785321218E-08   1.1302254751186358E-08   5.0289403150489214E-08   1.0812607380451090E-07   6.4891456895451888E-06   8.1189556753858905E-08   2.5087553939261051E-06   1.8313356389358181E-06   7.4151842682600784E-05
  3.1681192966916073E-15   6.5684237892379387E-15   5.6735155816605852E-12   1.1599032626312477E-12   9.6742275459144724E-12   1.1417593494796040E-10   8.8470437541263006E-10   6.1654103301506936E-10   1.0384374282326789E-12   1.0542747322350620E-09   2.6642632842607740E-10   6.8550583832678487E-11   8.3529591827548745E-11   2.5480473399963553E-11   8.6239302544272192E-11   2.6322995566992426E-12   7.6259363639241498E-12   1.6272012901620645E-11   9.7256475126315151E-14   9.3971707807968438E-13   1.1287902539297772E-13   8.2818512167155933E-12   2.6652753532797795E-12   7.8483808687909859E-12   1.2110340382270191E-08   4.6425867246028731E-10   2.1105851911149470E-08   1.9323126699296529E-08   2.7035379940106544E-08   3.4438146322546220E-06   1.2964750633755759E-08   3.2022004011400407E-09   6.0236532110128976E-09   2.3154621498828654E-08   3.6237926880210724E-08   1.3891373458046769E-08   7.7151372310784121E-09   1.0025103093970093E-08   1.4407936409967534E-07   2.0851130647282274E-08   7.4571044256366826E-10   8.8909880842567715E-08   1.0861507332026930E-08   1.2857747155644364E-08   9.2078803637345381E-10   3.0027652636722174E-09   1.8693789649408975E-07   1.0979999276240629E-08   4.9088183462867899E-09   1.5990890702155752E-08   5.4617869245024466E-09   9.4313818852828968E-10   1.4050484258370714E-09   2.6558793731459483E-07   9.4115737199734878E-11   1.4635065150960176E-08   1.8230283127617344E-07   5.8015401126985710E-08   2.1865000957486310E-07   4.8098332686964464E-08   9.2097402992779415E-08   1.2746428544266127E-06   2.8368766934351435E-07   4.0650061133367136E-07   4.6992412456051446E-07   7.2489105437745280E-07
  3.3969162157796470E-14   2.3786123452279918E-13   1.0791898000785481E-10   2.4166017091096290E-11   2.3585312152640244E-10   2.5580897789333215E-10   2.1349173672925292E-08   5.5269194949364282E-11   6.1479772551004957E-12   1.3445682656271291E-10   1.3886275814181188E-09   1.1927775157104073E-10   6.8990154821421869E-11   1.9645445009655013E-12   1.2739179144632382E-11   3.0148648083118891E-12   1.9431266168654126E-12   2.7897566769011416E-10   3.6950279157331510E-13   1.9805521008746143E-13   1.2469648948481408E-13   7.7482049673792648E-11   5.2766379688970312E-11   9.4955877994773730E-11   2.4728847840622847E-08   6.3860185388195346E-10   2.1926552280021573E-08   1.1343708526273726E-07   1.6335514533343266E-07   2.2969716992953681E-06   4.8902348851388829E-07   6.8578053279895262E-08   8.0254217100312208E-10   1.6702218759404127E-07   7.2546603826063244E-09   2.4308217068207272E-09   4.9994149085186605E-09   2.7532594223309902E-08   9.1835467059198764E-08   5.1180898867444071E-09   1.2227400890505268E-08   2.4709297000038388E-06   1.9591898098130120E-09   6.0170817055312134E-09   5.4515325434850788E-09   2.4712976914236061E-08   2.9105745878046431E-07   8.5731276587235115E-09   5.4479805384623208E-09   1.2409086235139845E-07   1.0856659500837383E-07   2.2353072411166013E-08   5.1910444330395359E-09   2.1106126347656591E-05   4.0109008900958718E-10   1.0355595484038735E-08   7.9253256290848768E-06   1.0966705739291147E-07   1.1134365898663258E-05   2.6983803677265325E-07   2.7401312410350570E-06   9.0519911482713347E-06   1.1789611927993570E-06   1.7834354187553918E-07   4.3331463251676085E-07   4.4590961016845512E-06
  1.4049582843716157E-15   6.6278782339481658E-17   6.1733330056315530E-14   4.3808103723214245E-13   2.2954979352180715E-13   2.9249222761888790E-11   7.3021066028365586E-12   5.2401564282599446E-10   6.5322688154750214E-14   3.3641498476541319E-10   4.8890925994069098E-10   9.8977604825925049E-12   4.5857584545718105E-10   2.8631293802854284E-10   3.4415473906083775E-11   2.3934213059795841E-12   7.0983293387034621E-11   3.9501998803615850E-13   1.5223256196519988E-12   1.1802930872080474E-11   6.0566411374402721E-15   1.3558273677158071E-13   7.9485225812810882E-13   5.2369383793572342E-14   4.5451847250799123E-09   2.8963722860315709E-09   9.7283252451457631E-09   3.1967235202988356E-09   2.2647236674348290E-09   2.1166799974901447E-06   3.7763037684712130E-09   2.8642984547610804E-10   3.0711553451009890E-11   2.6578627010074164E-09   1.7185173347748576E-08   5.9101650508130868E-10   5.6854687877034641E-10   4.6993128111867179E-10   1.4308383000666411E-08   1.2682497681575930E-10   2.4965197871634053E-10   7.1191380645179394E-12   6.5596228121945632E-09   2.2144998887771036E-07   1.6650916542152253E-10   4.0266094808133100E-11   7.4159691802269488E-10   9.0763456908466748E-09   1.5828076224718518E-08   1.5140418266686322E-10   3.6356867229684209E-11   4.3850849018116956E-11   4.1776535987430410E-11   3.1331517205784374E-09   9.1263460301966729E-10   5.0651879094744917E-10   1.2271798274138378E-11   9.2346684871934196E-10   1.9230653544652114E-10   1.4173206174662593E-08   2.6174865686560682E-10   3.2085741155721333E-07   1.0209541565760708E-08   1.4856769240281179E-06   1.8242373732693166E-06   5.0277939944590397E-07
  6.0534645991583496E-16   9.4622904017795871E-16   6.5096512290575614E-11   1.8434375495953268E-11   1.0670583526612173E-10   2.9357232446097397E-08   7.8916832257935856E-08   1.8882340845777561E-08   1.8894533151015142E-10   9.8257356190223521E-08   3.5170704999613627E-09   7.3060382707439870E-10   2.4275080417536619E-08   2.3065093870908382E-09   6.1736063166485312E-10   7.7998377241791177E-10   1.0417087202703646E-09   3.0143128770468065E-09   2.3092201128247885E-12   2.1010494742387458E-12   8.0571282746445925E-14   1.3027570539898083E-09   6.5917018604051398E-12   5.8774100957757208E-11   1.2200138328068158E-06   2.6012221171965378E-09   2.8289213107316630E-07   6.9422960982317912E-07   3.2387129357258054E-07   1.6332903547166314E-03   1.2243128727431424E-07   5.1361105124730705E-07   3.3532243942303554E-07   7.6208511038197137E-07   1.0361542789101571E-06   1.0310741296381123E-06   1.0044728459556149E-06   5.2496785575943314E-07   4.6758598409360447E-06   1.3966906773995435E-08   7.0670394076637935E-09   3.6138083580465312E-07   6.9505979826033419E-07   7.5942736265658918E-06   1.8753013310394594E-09   2.2080754014480007E-07   7.0306546430978139E-06   5.5726396191885475E-07   1.6708846077697964E-07   7.0635640196930888E-07   2.5110622708295691E-08   9.4464434638951460E-09   9.9704078279394991E-08   5.4931372163668501E-07   1.5956574083863268E-09   1.5710424082264427E-07   1.5711013478471273E-07   6.4439199896845132E-07   9.7846106057978309E-08   4.2448315855199454E-06   2.5359929058966042E-06   1.2310697010804039E-04   1.8122435982922152E-05   8.8959447570234116E-05   2.3849120172446553E-05   1.6456238487402562E-04
  1.8961524822211596E-16   1.6345236599734551E-15   2.4627631771646992E-13   1.6533519167154829E-15   1.1652249624183214E-13   2.4160556752127758E-11   2.0383214525901054E-10   4.0994430709824800E-11   2.7680556881325197E-14   6.5432176676873794E-11   2.3239148117569408E-11   2.3851844618805608E-11   1.5678179882692680E-12   2.4326805844986323E-13   1.9647902798173762E-11   1.3134509102428987E-13   1.3249398175469069E-13   2.7318759276524006E-12   3.7255424979952055E-18   9.0890214845227542E-15   2.9865084959492125E-17   1.7680557102558101E-13   2.3148797905042471E-12   1.5457499672228716E-12   1.0977190729368646E-09   4.9652768242310385E-13   9.7769024242857909E-11   7.1493755187951561E-10   1.2658389354885173E-09   2.4160130221769843E-07   5.0941196471562210E-10   1.1610825364567877E-10   3.8495034282878927E-12   2.3413669209616042E-09   8.0817472508038913E-11   2.9308984774587454E-09   2.3024037662647266E-10   2.3565784206427832E-11   2.3197107629695430E-09   2.1978648027074837E-09   9.5338464715870791E-11   2.8063700323346793E-09   2.3141034535900488E-11   8.4530321220554765E-10   6.0193773952123635E-11   8.5838101298627905E-12   3.6098527153505909E-11   9.2652031753590303E-12   6.5356718583022587E-13   2.1393374995643627E-11   2.4755506737360827E-10   9.3387635792684876E-13   6.2882183842413086E-11   8.6395020001468312E-09   2.1754278674241352E-12   7.3274991546882864E-11   1.1881814470953332E-08   8.7693823242892257E-09   9.9780675291241477E-09   3.0823101762748710E-09   5.9466767027971747E-09   8.5035619427108663E-08   5.0013136804161420E-09   1.0420068496900406E-08   7.0807299638849013E-09   8.7625039303488525E-09
  8.1560852840221193E-21   2.1656115434573876E-16   2.8095930126349743E-12   3.4709093347631150E-13   6.9675183368107391E-15   1.0396684185718175E-11   1.6759689778676212E-10   2.7181307847015252E-11   1.5553729893110324E-14   3.0963346948168690E-11   1.8800403772094588E-10   2.3680772407209231E-12   8.2291280479097682E-11   2.7635386208141024E-12   4.2690160445109959E-12   2.6026996037649660E-14   2.9070263155340394E-12   5.8087115138218494E-12   3.2785566584554597E-14   5.3492285121515653E-13   6.4884300528548197E-14   2.8693485528405115E-13   9.4015013464648888E-13   3.4414607367409755E-12   4.1810522989526168E-11   1.9303577911269537E-13   3.5160080607817247E-09   2.2829220207129417E-09   3.1955803172186272E-10   6.5300653865463729E-07   8.9301758117005872E-11   1.4861216000194304E-09   4.1144789733089694E-10   4.0551650052736530E-09   1.9615118302462540E-08   5.7897506473386512E-10   2.6467622290609335E-10   2.7490268739369090E-11   7.2159882692581811E-08   1.6674799724222634E-09   1.2423085902093391E-11   3.9763197374625282E-09   7.8332748793732951E-10   3.0006962343099892E-10   3.5762923753577427E-13   8.3083572429259119E-10   6.5722041376189055E-10   9.6472832209934283E-10   2.1363733770580113E-12   5.6522145806565440E-10   3.3216532705139847E-10   1.3852734585116400E-11   7.7566574290897188E-11   2.7819799706482017E-08   5.2452551535490600E-10   1.1023394329273030E-10   3.4339406622280793E-08   1.2548223423164335E-10   3.7807598232445595E-08   2.1735052521502151E-10   6.1417686927024364E-10   1.2367623537878541E-09   2.1820779521735320E-08   5.4579008157993725E-07   1.0204149947250494E-06   2.3870407388895547E-09
  2.7252597342966986E-15   2.2832598052246431E-13   5.7533635511626023E-10   5.9248068031897223E-09   3.0493637057719942E-09   1.8155420754522627E-08   4.0956213490493709E-09   3.3495784392631395E-10   6.3530063210391294E-12   3.7920877459777639E-10   1.3516781076733128E-10   3.8722363319559151E-09   3.6848229861956361E-12   5.1115505712606492E-11   3.3707267337987772E-10   4.4956539584154046E-13   4.1754897250295710E-13   5.1745569731804945E-09   2.3223400615686345E-14   6.5353523799325073E-14   1.3423070325793690E-13   2.6536911625992953E-10   9.3561272971621956E-10   1.1870409078301900E-10   1.7196637317473612E-07   9.3282096765826980E-11   4.3369607693800824E-08   1.9058168254699134E-05   1.6802722837377423E-07   3.2859979498619412E-06   2.4064070346408134E-05   3.3816676249577605E-06   9.3138504023054626E-10   3.3666959541933078E-07   2.8179412162754683E-09   6.4009553649244317E-08   4.8666460744667038E-08   5.5103150840794426E-08   1.4863704621217004E-09   1.1222039579818135E-08   1.5074456099144916E-07   1.0281738657669895E-06   5.2720409344321118E-10   2.4352282802609273E-07   3.9535650874379791E-09   2.3114776482400081E-06   9.3633655408128382E-09   2.1540832118157041E-09   6.6762829970565179E-10   8.1024258069815767E-07   4.1918056122429676E-08   4.5964336031966284E-08   9.4823746717255808E-08   1.7100188121006154E-06   2.1982339823907535E-09   7.4592539151542556E-10   4.8259906945918530E-07   5.1938160931866026E-08   3.0924066854919289E-07   6.8254828483861168E-09   1.0497781745642246E-05   9.0169903267149415E-05   1.5002876248069462E-07   4.3508372672250038E-07   5.0272287585140707E-07   4.6156845274370470E-06
  1.3136393167890264E-15   1.1948662902118135E-12   2.4678420413444350E-10   9.3632620899104417E-08   4.8087324718087750E-09   6.0325951081806303E-09   4.3320629714528758E-10   3.9030743501289768E-11   3.2692401523817773E-11   8.5280756456166739E-11   1.2310344138211725E-11   9.6137654999373136E-09   5.4691990498183186E-13   1.3028241069073783E-11   8.9183592963519883E-10   4.2627737500122080E-13   1.1785717121680945E-12   2.0159279750397475E-08   4.2846105579257441E-14   3.6774431470733694E-14   1.6852342315761700E-14   3.9205982993910554E-09   1.5616781345405181E-11   7.8625740349289245E-09   1.1068220891043559E-06   4.1101920284986393E-11   9.6150775891137493E-09   2.5759038947702011E-04   1.8327417806642235E-06   6.5058096366479618E-06   1.8150965569115494E-04   2.6648844160221488E-05   3.8795127080223291E-10   1.5675820741504510E-07   1.6770775827503370E-09   1.4864578062630155E-07   4.9938243890974623E-08   1.1673745823433536E-05   6.7677008156281319E-10   1.7573608097881939E-08   1.3903404796991711E-06   2.3938406562209609E-07   8.6747508815384158E-10   1.1086787833170016E-07   7.9701497701259672E-08   2.1356101035884486E-04   2.7160628463431913E-08   1.1484757117523005E-09   2.0624983012351671E-10   6.0087687697999109E-07   3.3961560069037495E-08   4.2771442845018994E-07   4.1374863367790518E-08   1.1190055586762341E-06   7.6283314597396732E-10   3.6962458723402010E-10   9.9429268510148650E-08   2.3422355099650465E-08   9.7135250429297875E-07   1.9664846119141727E-08   2.5515615086075554E-05   4.7750362191456740E-05   1.1951713462119305E-08   7.6705849179791575E-07   1.5155610613624922E-06   1.7447771791221360E-05
  1.0948160115269857E-17   9.7763644786532051E-13   4.1814192186796360E-10   9.0475606963833606E-11   8.9075719007713131E-09   2.9322978331171312E-09   4.5318692954287726E-09   6.0574870096898915E-12   3.7631775415306668E-11   2.3605212654619571E-10   5.7129144045465373E-11   1.7530003203212345E-11   4.3826407971589538E-13   4.3751409403911598E-12   1.6723070417044179E-11   2.0751392982446091E-13   2.7725477798615219E-13   5.8873676094015328E-09   2.4400367171481844E-16   1.5919901263172475E-15   1.0669555781110671E-15   2.0289424244576303E-09   2.7694920333453246E-09   5.4805487488279846E-12   3.0391837751330085E-08   2.7647895672155259E-11   1.6213021689392639E-10   1.5324096544069954E-05   1.0602545189564333E-07   1.4290188143644943E-07   5.6456023765532121E-05   5.7880243193490920E-06   1.7362763044654025E-11   1.6698712207072742E-08   5.9107267140609331E-10   4.6369322665684672E-10   1.8202634704432946E-08   2.3890208114235956E-08   6.2782205488533736E-12   1.7701745339245401E-08   4.6990724192470603E-07   6.5824137808955775E-06   1.2785921954107751E-11   2.1594950167330650E-07   4.8339060354382789E-08   8.6023823782671299E-06   1.3961548167468165E-09   2.8001867995407635E-11   9.5943015465887711E-11   9.4969132361390469E-08   6.7294549269810050E-08   1.6340031612787175E-07   2.9031754809014124E-08   5.3693187419746337E-05   1.6177710828991460E-09   4.0797359232129659E-10   9.0828557427021298E-06   2.9195728105784044E-08   1.3345763346515225E-05   2.4670445577471939E-08   3.4721449483698893E-05   8.1613075865064183E-05   4.2074006998195079E-09   1.3474033456955595E-06   1.0630691384456114E-06   9.0002825705733093E-06
  3.5244460577271695E-18   7.8668562178695600E-14   3.1995659955920582E-09   2.5955917185238348E-07   3.1384744205506306E-09   1.0371082438522804E-09   3.8953062462774121E-09   8.7269147703360355E-10   5.9160747476476354E-12   2.5701126412022241E-10   4.9682206709595761E-11   6.4393249615395313E-08   3.0285693433372253E-12   1.1013394779194005E-10   3.1659939712868263E-10   7.5578634857597633E-13   7.3406345100678981E-12   6.8051744316996221E-08   2.1499324816444071E-15   2.8400024573365188E-15   5.6469026315581433E-17   7.9955239307316107E-09   1.2003956516660905E-10   1.7294040894070863E-08   1.2478847239251378E-06   2.4444504244637250E-10   1.0739227821810838E-08   5.6308923885867266E-04   1.0289129321326372E-06   6.2390559626563966E-05   4.2116870995844372E-05   5.1711402433563531E-05   1.6532592232429433E-08   3.2664806683337383E-06   5.7831781059880515E-09   1.4669577702321928E-07   8.2530405476585310E-08   1.3112773752121646E-06   2.2382049653267031E-10   1.1805131763681751E-06   2.1708246975275412E-06   4.4144023514325528E-06   4.8162125365040667E-09   2.3497861993798718E-08   6.5000498623409188E-08   3.8830476925205221E-04   5.3490367593966971E-08   3.5077164163499577E-09   1.2609536516388274E-09   1.6503816041615981E-06   1.9454827888919430E-08   7.9276330917521453E-07   1.3189151024252105E-08   1.0151061452910483E-06   7.2876970674862454E-10   1.0718328166422821E-12   5.0506768197553368E-07   1.5589282150138013E-07   6.1555188922766665E-06   2.0182710094335699E-07   3.4951030881156964E-05   6.1248442899964730E-05   3.1408707088608315E-09   1.5726759766325820E-05   2.6157776969385166E-05   1.6920757789724508E-04
  1.0272802076328954E-16   7.1311971431945477E-14   1.5129878836707776E-12   3.1577467174835881E-11   1.3499116038084542E-10   5.7958556610128620E-10   1.5356105170115535E-11   5.5906431913445726E-12   3.0756949285915176E-13   1.0686923653477952E-12   2.7504868518549652E-13   2.0513261570272520E-10   2.1036739547853197E-14   4.8607015866895342E-16   8.8457167330915881E-13   2.9896156634474277E-14   2.2671305060568805E-15   9.5777451370463250E-14   2.8496737016764581E-16   1.7808890280270342E-15   9.9617509041857556E-16   4.4288794368623972E-11   9.2195823150448581E-11   2.8885885629253271E-11   2.5908693525204023E-09   1.6845031623431737E-12   5.5882665071533447E-11   4.5503940345957283E-06   9.4665382143157029E-08   3.1971463553329589E-07   3.7788333668867535E-06   2.0973816473615010E-06   3.4834911771419344E-13   2.2236208651297856E-11   1.6384747116926884E-10   3.3026095496047713E-09   7.6314898236994372E-09   4.5966750878440766E-12   9.2403030342152765E-12   2.4257828375902753E-09   1.1974067082349600E-07   4.2525137828003216E-09   4.1318715726552715E-11   1.2720050032775645E-09   6.6889750464567320E-09   3.0890220645031858E-06   2.8101122495326440E-09   2.0571997578113166E-11   7.2124622757408007E-12   2.9819909807297344E-07   2.8518372047019778E-09   3.0047668217535629E-08   6.7871701801848002E-09   5.5142207550725840E-09   7.9613236522179208E-12   4.2554101797940036E-11   1.9196761819815236E-09   1.8303358137411212E-09   1.7681413006502166E-08   2.3771600779322917E-09   2.0550617837282836E-06   3.5561357409140718E-07   3.7102361327261775E-11   4.0406835091869726E-08   1.0070805400322205E-07   5.0397860984669072E-07
  1.3275657734250466E-17   1.0660116458974145E-14   3.0009168465293081E-11   1.2174464886074840E-07   1.8533067085952727E-09   1.5266443571262432E-11   4.4797977718741582E-11   3.2241230158461825E-14   1.0163612851865242E-11   1.0711923231464995E-11   4.0235822725779529E-13   1.3601765177463020E-10   2.4348884438425082E-15   1.2532943534114502E-13   2.5524467180734065E-11   5.2201658609028432E-15   6.3925539032706301E-15   4.3745472016839681E-08   2.6506632311474167E-17   9.8461059025230891E-17   1.6589067514993243E-16   2.6740363574869450E-09   8.0929907835843614E-11   1.2229423111845224E-08   1.3259815865465395E-07   8.3105907366354659E-12   2.1239565928095866E-10   7.5334877859423657E-05   4.3678095350490160E-09   4.4437686271857702E-07   2.6289520360502197E-04   3.6722190168445395E-05   1.0330596223478177E-10   6.8659489034779126E-08   1.2275096361420804E-09   4.4950138013078985E-11   7.4979139377407807E-10   1.0707129423963342E-07   2.4988713848441129E-13   2.7323298610674443E-09   2.3045874984250620E-06   2.9181716824582625E-07   2.0756992041292636E-10   1.3392797196483403E-08   2.8332699296379123E-07   2.6023225169808886E-04   1.2972694896077491E-10   2.2441770571785095E-11   1.3276037417896499E-12   2.0379056542574967E-06   7.3340132318667615E-09   5.1464147768794843E-07   4.6023798656821982E-08   3.9746988947727920E-06   7.1957475963946389E-12   1.1752258110651414E-11   2.9163859474855506E-07   3.9170520397970221E-09   5.6180877412795716E-07   4.1340212814404371E-08   2.3390025995523887E-05   2.9830226030975795E-06   1.2125631723644425E-12   7.3499311415864342E-09   9.2520860072049212E-08   2.5162079202822900E-07
  8.8608905352111775E-15   7.6210260159315314E-16   2.7306645704724570E-14   5.1240584111010911E-14   4.9207501721084205E-14   1.4896774677146784E-12   1.3592523618465142E-13   4.5369721653966341E-12   1.7918892235500677E-14   1.8493303397388277E-13   2.6307908636280027E-14   2.9684568853227633E-11   1.2725941186781815E-13   4.8696313119961062E-11   5.0585037293728277E-09   1.2864123051907753E-12   1.4536809333621648E-12   1.3436871150169907E-13   8.5987292440124308E-14   1.5148874508827592E-13   8.6587758207030403E-13   2.2480786151918473E-14   1.0845054211537681E-14   3.2209303051129075E-14   9.4989653055665972E-10   5.9119334626851674E-10   2.2742846832541919E-08   2.1942103767267107E-09   6.3222812993770780E-08   6.2061424769840974E-08   8.3779441494428854E-10   1.5844365308157283E-09   3.7709660282428531E-09   3.9747981083724294E-10   4.1603489278230975E-10   9.7730778639690338E-08   1.8693588586994522E-06   7.9963575824125643E-09   9.4255065314846524E-09   2.3986510725608599E-07   3.1484124544080342E-11   2.7288932178414188E-09   8.7113227315257841E-10   5.5371592723010992E-09   3.8741764398992293E-10   3.7098165435063869E-10   1.3575368461446357E-07   4.9551568228168667E-08   5.5550249446379686E-10   1.7959418451536882E-08   4.3114836426536375E-11   8.2422465630916638E-11   7.6348352357008991E-10   1.4765401664253488E-09   1.9424674065227197E-09   2.4008642873966784E-09   7.1448035515466647E-10   1.7369790245936700E-08   1.2028339648162586E-08   1.0923300371704218E-09   6.5042755359374112E-10   1.8257652628043007E-07   3.2798228469150324E-09   6.5979729798034998E-08   3.6459560657138459E-08   2.4800363455260295E-06
  3.2095486512599309E-15   6.8622592626250330E-15   4.9669803973390976E-13   1.6534867628428455E-13   8.6414770346190494E-13   3.0746019998176434E-10   1.9874364248832780E-13   6.7239962261963740E-10   2.0492664923564723E-14   1.3776770318947129E-12   4.3773247118306734E-14   5.3965580767117796E-09   6.6389104465699623E-14   1.6603747300269720E-11   4.5350206449392356E-08   3.9524444112694599E-13   1.3561495307498103E-11   8.2096415626241260E-13   3.3657310300338472E-14   7.9936823185968880E-14   8.7348873805639203E-14   4.7089896328958837E-13   3.2725538273908017E-13   1.4048094609678951E-13   8.0181174251841279E-09   6.5822984550819016E-11   2.5795611075374547E-08   1.5396675500599143E-09   3.3877185903675226E-07   5.8831655319051312E-07   7.8527935676339559E-09   6.1737000476820645E-09   4.6309076764047332E-09   2.2422579521649353E-08   1.1654272105178436E-09   1.4659185240942137E-06   2.1714581334586175E-06   2.5133960774249085E-07   3.7692855752454084E-08   5.3967508105265837E-07   5.9755231324425279E-11   3.0543525727953241E-09   7.9349629107951218E-10   2.8976379241535789E-08   4.2033973854369450E-10   4.0764657362637122E-09   5.6524651061886149E-07   1.8521823733445947E-08   1.2359486363972022E-09   4.7536421519185895E-08   1.3258905062420694E-10   2.0039910019201356E-10   2.9406970077664239E-09   4.6527816443147705E-09   4.4395609545561931E-10   1.6679957883971180E-09   1.6973496673641378E-09   8.9870527573504756E-08   3.6999671863753819E-08   2.8914337384315360E-09   4.2771581611269275E-09   3.2126669433614269E-07   2.9299390193176203E-09   6.7020183627855530E-07   4.6557489076113122E-07   8.7942236705554547E-06
  5.5167617443646221E-15   1.9986484135483459E-14   1.3930611317496757E-11   6.5745845504572330E-13   1.0542484458158874E-11   1.1028885824900169E-08   2.4690498974708030E-11   2.1665735157479070E-08   1.0155177694408779E-13   2.7451945099626128E-11   1.9648317917982510E-12   1.1740396343319086E-07   1.4160410266647530E-12   5.4901923753444256E-10   7.1672455219289860E-07   2.1952857141011389E-12   2.1901140237137188E-10   6.7570364379702341E-11   9.0174166815745414E-14   9.7906279521702233E-14   5.3752814796707993E-13   1.5193313617022890E-11   5.1726296384796877E-12   5.6217301510367669E-12   5.6649932582413964E-08   2.3891054195664624E-10   1.8616481649242217E-07   3.0208346760645373E-08   3.8195997912285765E-06   3.5459023135096212E-06   1.1558557616085635E-07   4.8592516072528793E-08   2.9898278602048205E-08   4.7560954284976001E-07   8.8481411993710511E-09   1.5661279505452940E-05   4.3091956892275328E-05   3.1835152753393563E-06   3.8067564082556480E-07   7.9821422632886831E-06   3.5634195557010110E-10   4.8886285630702056E-08   2.9732275253640084E-09   1.5767466441338184E-07   2.0309481224529402E-09   3.8915385686631709E-08   7.1086240521430160E-06   8.2716518401057009E-08   7.2858653602174333E-09   4.0769577953266463E-07   1.0143117885749273E-09   4.3505631432579633E-10   1.5575798649187976E-08   1.6433801945309058E-08   2.7659989161221172E-09   3.2390622307253749E-09   1.2575971791650142E-08   1.0977787844735802E-06   2.4591265048360508E-07   7.3080929227914545E-09   2.7065604965564367E-08   1.6011538192763543E-06   1.2228093889756055E-07   3.8829644702274639E-06   2.5916403507014321E-06   5.1865061756662683E-05
  3.4175859135794094E-16   1.3425212157605596E-16   2.2974728665743234E-16   1.7097002600209673E-16   3.8537454501031885E-16   6.2967184964251800E-12   1.9547457614659732E-13   5.6916443665065223E-11   2.4326949188360361E-16   3.4801109644467267E-12   4.7636740891715052E-13   3.4507612797542618E-13   1.6509044174456166E-12   1.3640800611607983E-10   1.6583836510076040E-08   2.1569148155233555E-12   3.0000337723404046E-12   3.1432703837353548E-13   3.2146375811957932E-13   3.8299418620066920E-14   2.1324319650827029E-15   9.6532541609479486E-14   2.2867659703259999E-14   5.1311307485150223E-15   4.1496693280702446E-09   1.3311689161307339E-10   5.2880644026296774E-08   8.0804082064749677E-09   2.4646746227149287E-07   2.6821477564514738E-08   9.9843045986451879E-10   4.2733386835686188E-09   3.5236556684372172E-08   1.3341559049684864E-09   1.3682727013595434E-10   3.9254540986423013E-07   1.5436676747191949E-06   2.8368115065612883E-08   2.3309752286208220E-08   5.2520424408292104E-07   1.9832396677975602E-13   8.3730593576313365E-09   8.9933200377059141E-09   2.5982324831615471E-09   1.4415492603079265E-10   1.3935195932142071E-09   3.7397545904079762E-07   1.0812506670381286E-06   2.5684680166309527E-09   6.6332032137529045E-08   8.6979497669238087E-12   1.3688904230385727E-13   1.0811640799324497E-09   7.2073504980549883E-10   1.0250363187556748E-09   1.1751254172517927E-08   3.1621261105078562E-09   5.4653241023101329E-08   3.6126594468045849E-08   7.4178186295586580E-09   1.9387559491712395E-09   2.2237199188078800E-07   1.1693254994034681E-08   4.3050179041347752E-10   5.4263658221183241E-09   2.2552796536110348E-06
  2.0090523416729839E-16   1.1174828104421893E-15   4.3998297418855270E-14   1.1327969722116478E-14   5.3396910264426574E-16   6.5094003132537856E-12   3.2110040609946168E-16   4.9617204892522455E-12   6.4003763657367759E-16   2.1652752525258431E-15   1.5194096252681212E-15   5.1861148732788758E-11   5.5443425190700467E-18   3.5344947610564920E-14   1.3313107243301621E-11   4.3141574175199013E-15   9.9441341091319723E-15   3.4543051654767476E-13   4.7453289489100991E-16   1.1505479944013468E-17   4.0008290952968379E-16   1.0760747876818742E-14   1.6734857522877162E-16   2.2234120072633503E-14   5.7467049594107095E-10   4.5665733954284906E-12   2.2141881507074131E-09   4.1603265716472344E-10   1.1787389179740279E-10   2.3745958301076696E-08   8.3718618535931349E-12   5.9750312178381098E-11   1.1008330663382346E-11   1.6243615964670309E-10   3.2287462272851517E-11   3.4646424096565952E-10   3.9267283381875829E-07   3.1851143382533355E-08   1.0519609353580824E-09   5.5455815603016706E-08   1.5909666160722228E-12   4.8314047371300074E-10   5.9261836809144428E-11   1.2619720360255664E-09   9.7335180133214497E-12   1.5544395915649423E-11   1.6008727243006824E-08   3.8002840264678180E-10   3.5625367376386965E-11   2.6280316197744178E-09   3.7003883014211298E-12   2.2256097009817931E-11   1.8288724342806596E-10   2.8407184316985491E-10   1.3871940087928286E-11   1.1455045628906006E-10   1.4070730638522329E-10   2.2803067003314014E-09   1.5653956851502769E-09   7.7824525816930621E-11   7.7631943729969376E-11   1.8353256929864777E-08   1.3804902283453626E-10   2.9777981732216223E-08   2.0203038560980254E-08   3.1235859511566421E-07
  1.3362383168982288E-16   2.6698974482244938E-17   8.9386339269849709E-14   2.0252457670531457E-13   3.4084610507822930E-14   6.8415665476026322E-12   2.6836212765209687E-14   7.7005777251983487E-12   1.3562045172868048E-15   1.5047641287718990E-14   1.3376571537604937E-15   3.1517010870601348E-10   1.1758992051190403E-15   6.7269032335258642E-15   1.0520895745666466E-09   1.1862758804692663E-14   1.4184306629526417E-13   5.7489796266718153E-14   5.9186960456399347E-15   1.0038174264855689E-14   3.5803053164435264E-15   3.3317018352956555E-14   3.2924887527430752E-14   8.7364354292152356E-14   1.5347938813655281E-09   1.0083587506538286E-11   4.4475217121406582E-09   1.8588868368414803E-09   3.4592958380571144E-10   1.2563771709908291E-07   6.3616528571821383E-11   1.0997864575062655E-10   2.3284442283567483E-12   5.0453922158077209E-09   1.2543771545176328E-10   3.7150838578934811E-08   9.6337721787610852E-08   6.5477720107362463E-09   1.8423326822926255E-09   1.9694421904478046E-08   4.2790724612061605E-11   2.0451064819435385E-10   2.6997076433013892E-11   5.0858373321978865E-09   1.3824358451924832E-10   2.3875070394053985E-10   2.2214782990199863E-08   1.6302066702127036E-11   3.1859571237237001E-10   2.8268366217760858E-09   1.4735324362407221E-11   1.0356876616428573E-10   4.9548290333922259E-10   2.3276895711095902E-09   1.6495477202667324E-10   1.8781661256236658E-10   1.6237997174847668E-10   2.6315769421620170E-09   1.7710329128060208E-09   2.4881050458759868E-10   4.4452864841275704E-10   2.9736256945125948E-08   5.2833879915346521E-10   1.5643669813669995E-07   1.2554672163454581E-07   1.3935431937689634E-06
  5.9779785834371924E-16   4.4043837481659863E-16   6.4149690170593241E-15   3.7336454438194660E-15   9.1999150991459349E-16   7.8950901867795388E-13   8.5851473749682515E-15   1.3886332840540479E-13   1.0515840569507707E-15   1.2265315221064439E-13   5.4684483877626819E-17   5.6793857280297486E-12   2.1996977614880716E-15   7.3781354354778533E-12   5.0580406573340414E-10   7.4318556956250532E-15   3.8664452965796092E-14   2.6614598614464328E-14   3.4813633298233958E-15   9.5718299470981176E-15   4.0343016367036823E-14   3.4461310204193700E-15   3.1644670208597169E-15   1.0058829985311358E-15   2.5391119599276729E-10   8.2003944281168917E-11   2.7668797009715056E-09   4.6500246485718599E-10   1.6189790528827257E-08   5.7879717616025905E-08   6.2832557615191081E-10   1.2375732122631588E-09   1.6716930604322921E-10   2.4084097004856489E-15   3.3822749276506868E-11   2.2145309630323214E-08   1.7604773396863699E-07   4.5519988975415765E-10   2.0538025013372595E-09   3.2675947230611881E-08   2.1421897536441503E-12   6.3211344126003091E-10   1.7672094516072627E-10   4.7705003397674496E-09   1.2435213194552057E-11   5.0275096485946967E-10   2.9357637105457561E-08   1.0795216990915596E-08   3.7208605606278761E-10   3.7743223973609512E-09   1.9464763134154507E-11   4.1343459277405814E-15   6.0219465172438310E-10   1.7283167228237179E-09   2.8748660994915170E-12   2.4886197456141572E-10   1.0933862966707109E-10   4.0629863797616064E-09   3.4471134942942314E-09   5.6551227041048044E-10   2.7288627140227018E-10   1.7207278127030156E-07   5.2075420004678097E-10   3.8308748151534348E-08   2.6054633288474533E-08   2.0579236906006332E-06
  2.0141401939214596E-17   1.4666441028644786E-16   2.6959803567156423E-15   1.1514595554985795E-15   1.3080285706868872E-14   7.5404464196573665E-14   3.5371544359046971E-15   1.4262221458034597E-12   9.2573204053493228E-16   5.6271544375371847E-14   2.2550313969267324E-15   4.1608931787168491E-12   2.0939166022342250E-16   2.3972023557204532E-12   2.4336636909118268E-10   2.1077491233013664E-18   1.5878321033253589E-13   1.7917061320595048E-15   5.9895786524193473E-15   2.2206617320742864E-16   4.4707962551275461E-15   4.1018412281456712E-17   1.6037562096710758E-16   6.6069448727284077E-16   5.5617744144515601E-11   1.5671553799297586E-11   5.3443765710440697E-11   3.2348578771121248E-11   2.4644230878225082E-09   4.5374066547659923E-09   5.6363376037373704E-11   1.4394065056707904E-10   4.1787103106441155E-11   4.4239709067835066E-11   2.0757777511537356E-17   2.7992230858764874E-09   2.0917364892596125E-08   6.3232753005767443E-10   4.0168530399350908E-10   2.8096628472611116E-09   2.3254456324360668E-12   1.5913572224837722E-10   4.2968952460465534E-12   1.9617635825461782E-10   3.2489392920532667E-12   1.3483643456806373E-11   3.8294857156098404E-09   1.1252929655111337E-09   7.1462720043634163E-11   9.3969661035554721E-10   6.2364859615048911E-13   2.0829650440785613E-15   3.7120558125344910E-11   2.0113017824724069E-10   5.0647125135782372E-11   5.2745236985284162E-11   3.3779146742998878E-11   8.8875375496991300E-10   5.7132909552029705E-10   1.1311997770338634E-10   1.2053014277297254E-11   1.2838448363758510E-08   2.0943940224172554E-11   6.3257192406479122E-09   3.0342807477653946E-09   9.5776582924519737E-08
  1.7424281931507039E-16   1.6770621693400600E-15   2.9244422323666940E-11   2.4059165634230556E-12   8.8699071047231775E-12   1.3747336448736177E-08   1.7741766381045971E-11   1.9030353737809748E-08   1.8363786825251444E-14   4.4560559279105129E-12   1.5219800317077297E-13   1.5511772229044799E-07   6.3797137089348895E-13   1.3877312500611803E-10   4.9138795157018678E-07   1.7770424130021385E-12   1.2761232090356827E-10   2.9303827512552570E-11   1.7732864032918341E-14   1.4835969932286845E-17   3.8778486705801906E-14   1.7099970725211399E-11   6.1307497506382399E-12   1.6168972574001153E-11   5.6474213492296917E-08   1.1376186350171225E-09   2.5740988737373845E-07   1.2341462034029662E-10   1.5545837496239678E-06   2.7992334864387578E-10   1.2312258849396444E-07   7.9920707519459804E-08   3.2289514011912688E-08   1.0510162875149864E-06   1.1991045343491561E-08   1.6304561924948086E-05   4.5773866898182766E-05   5.0692025451506194E-08   4.6946160407582614E-07   4.3041123994748405E-06   3.1118816764079902E-11   7.3712704888553142E-09   4.9377858920270746E-09   2.5060680730195448E-10   1.7310565343906419E-09   8.3249267288206304E-08   7.7115142459018255E-06   1.4987905383369961E-07   1.7039089388486516E-08   4.4214413701067430E-07   4.0901318046036211E-10   4.7240277378785067E-10   1.2555136757296389E-09   5.3048266085312120E-09   1.2950444091669442E-09   9.4608941283464130E-09   2.6241632140623066E-08   1.1153313053757886E-06   2.9901736233653593E-07   4.2428565387072468E-09   1.1349664680801381E-07   6.7836781186458923E-09   1.4981577379346997E-07   6.1215274096974743E-09   6.8368487027197252E-09   9.8783516276212121E-09
  1.1896406546407622E-13   1.0190238887458309E-15   1.6535412542112324E-15   5.9498155314046135E-15   2.3136654281369273E-14   2.1619348631743813E-13   1.8385978826943692E-13   1.2921146615317757E-11   1.9683048095358300E-14   3.0567885623276907E-12   2.1676419049632102E-12   3.1462502065217496E-12   6.4896781429788465E-12   9.9449049617736998E-10   3.0791020108769183E-11   6.0997880736201936E-10   4.6384723559284534E-11   1.5925951408442386E-13   1.5755672391973951E-10   1.8422123436732836E-11   1.3058093711702876E-10   1.3457238488538838E-14   2.4797136720272873E-15   3.5712393241936330E-14   1.8424007897676546E-10   1.1121643991302788E-06   1.2935530626306584E-07   2.4771188434890938E-10   2.9712283667400151E-10   7.2268495206010638E-09   5.6248226072920724E-11   3.7473793478611581E-11   1.2105874825222125E-07   2.1609431024534456E-10   2.5093470323385843E-08   6.3730031523686970E-10   1.1758312951152233E-08   5.7971138051820653E-10   9.8461274601535306E-09   9.6356856651261846E-09   1.1763892891059743E-11   3.5272531577240454E-11   7.0658681019966812E-09   5.5921184121099522E-07   9.3301742544560063E-11   1.1761591008503070E-11   6.7573568105343438E-08   8.8625907892725945E-07   2.4080125533693063E-07   2.3092414043942158E-10   2.3423475163980295E-12   6.2821081455045524E-12   3.4580487531065394E-11   5.1067802098965855E-11   6.7922430425337951E-06   1.6974150446475365E-07   3.2225763748189153E-11   8.2014604146786017E-10   2.6807690758797241E-10   1.4220772702410842E-08   2.2665651790842120E-10   2.8798603313522050E-09   4.6357128789687158E-09   4.3008612689073856E-08   3.3510907170755279E-08   5.1779856163683753E-09
  1.7041784122155107E-13   7.0256233372976909E-15   1.3968558338314493E-14   4.9373210945786201E-14   1.6642825221566998E-14   2.4029217085330661E-12   1.3748618763715120E-12   2.7344498113150076E-11   2.3551516265937535E-14   1.8902649183977035E-11   2.3792853316964004E-12   1.7148907539018697E-11   1.9459424424931928E-11   2.2611352787682235E-08   4.3893751562754267E-10   4.8270173754153350E-10   1.0216655150119041E-10   9.2041368698063601E-13   1.3424852232435963E-10   1.2220436504900529E-11   1.3031585141598793E-10   8.4789708477595413E-14   1.2334473463401808E-14   1.8629897976830743E-14   1.7034250142515302E-09   2.0793306810413462E-07   7.8027170406166974E-07   1.9292419416909638E-09   2.0684169685116005E-08   3.2315708094173480E-09   2.3849093553832950E-10   3.0156671808624428E-10   7.7297127284014279E-07   1.2973970699934660E-09   8.2386000721393411E-09   4.7409699429367148E-08   2.1315180428618197E-07   5.5377577666290404E-09   2.0059596627240159E-08   1.1439635559105142E-07   6.0549213628210703E-12   1.1525049686522226E-09   7.8503981889686241E-08   2.5686147717296907E-08   5.9744246877210901E-11   1.3275102834533786E-10   5.3761937041185030E-07   4.0870809295793553E-06   1.3691607632590291E-07   6.7292767115610939E-09   4.4388234165004621E-12   5.9011674050724003E-11   1.1337038606019429E-10   2.0123767640630956E-10   2.4290145424086057E-06   4.1873008257495551E-07   5.4540199626157812E-10   9.1809933009871912E-09   5.3438609450884200E-10   8.1877864665148752E-08   6.3948211337492269E-10   2.0142048871540396E-09   3.0575204773318065E-08   1.0509089758828893E-07   1.9280697060906002E-08   5.9523223124985248E-09
  1.0455005631298248E-14   1.0024502197077615E-15   2.8959937201705116E-15   9.2206688476786713E-15   4.3814589660461370E-15   1.6682564893178257E-13   1.4807359392398023E-14   1.0284292449170814E-12   1.2556438803278275E-14   3.1039272979938962E-13   6.2064935181759918E-14   4.3164795285578695E-13   3.4130559825934746E-13   5.8962854446158937E-10   3.3536276983289586E-11   1.0246278904332569E-11   1.8829369701062459E-12   1.2506146328333790E-13   4.1270549246385672E-12   3.6496730085786951E-13   4.7467539939717113E-12   1.6330424353642807E-14   4.6502088862574621E-15   7.0813053112225963E-15   3.4188309825956527E-11   6.0660775762495238E-10   2.4343584557795959E-09   1.8379830771680429E-11   8.6639706393376272E-10   6.3754576052967313E-11   4.3108590325627617E-11   6.4454686129995917E-12   6.8747544177175600E-09   2.8056965612088609E-11   5.1390404106278539E-10   7.2230328256618982E-10   2.0268539107558599E-08   4.5807146496131903E-10   4.2599532450916507E-10   2.2892490952705202E-09   2.3315716415930836E-12   3.5182724340150094E-11   6.2113374206242350E-10   6.6116337695935777E-10   1.2403537566957533E-11   4.1631574266104903E-12   4.4474805904152558E-09   6.7958838411601421E-08   1.2539675703143622E-09   1.4268326896884118E-10   5.7075889406669427E-12   5.3261105263746253E-12   5.8350262830132499E-12   5.5935660795229167E-12   2.1043831518615297E-08   4.1866848684034982E-09   1.6959434502580783E-11   2.9501252867301783E-10   4.0931686978560089E-10   7.1691817604801527E-10   1.2491574320508387E-10   7.1562971879010236E-11   5.0229372093511968E-10   2.8995985116244126E-10   4.8638829956962836E-11   7.2909043239804164E-10
  3.7568547806156004E-13   2.8950879178655919E-15   3.2232063849972905E-14   1.6704818183718136E-14   1.1285639904727665E-14   7.2862538142242894E-14   9.1022067395744342E-14   1.6629375089119949E-10   6.3345195915785765E-15   8.6631516221248172E-12   1.3906363452974262E-12   1.1640966096232380E-11   4.0174251083939646E-11   5.5013886377228469E-09   2.0440144180080675E-10   2.6348388611155489E-09   3.0264788619788819E-10   3.2418580722859138E-13   5.0964462894603796E-10   1.7830520593929522E-10   5.1732113921442217E-10   2.0754749630777178E-14   1.5627079915772779E-14   2.1086839140660794E-14   3.4550087171250405E-10   1.7196359575356718E-07   4.1491983767323497E-07   3.3316896549114323E-10   1.6356085464171733E-10   6.5070962274385717E-08   1.3156573018415144E-10   8.1932443493206754E-11   4.4027024873096033E-07   8.3701771882772144E-10   1.9491300734248917E-08   7.0964883998318272E-09   3.7953187376548416E-08   1.2527345571208206E-09   1.1607032318493043E-08   7.5774234767265740E-08   1.2832248820587125E-11   1.0483722581533915E-10   9.4548452669048838E-09   7.1657037465629928E-07   4.6431706774620934E-11   2.1517043490215791E-11   2.0550666252254601E-07   9.9352963193446571E-07   1.5442604858325921E-07   1.7965191143640766E-10   2.4426645500103345E-11   1.2855888665832445E-11   3.3088657173987250E-11   3.5442497639358802E-10   2.5740497044425702E-06   2.0558850439841966E-07   7.1880182824748033E-11   3.3183419119033951E-09   1.3730503082519975E-10   1.8246805523432604E-08   2.6125685558797144E-10   2.3006095755703041E-08   6.8480726493884310E-09   1.6963953467018700E-06   7.2633394643936408E-07   1.2760867414477519E-07
  1.8479644329099104E-11   9.2745260797610733E-15   7.6719840662087793E-14   2.4657462759975903E-14   1.8017173579580770E-14   1.3863365763533545E-11   4.6459178946236619E-11   1.9651133737591065E-09   4.4385984267999871E-14   1.2654409493947913E-09   2.1587679877878045E-10   8.5502803573698869E-10   3.9183637797090843E-09   2.0678542185973368E-07   1.0053100617459251E-08   2.7976724726397990E-08   3.3104515447586143E-09   1.8107091755396978E-12   7.5117337362204316E-09   1.5831697015022956E-09   4.9591795341748612E-09   2.6841106087337217E-13   7.7543360112920015E-14   8.7338844914772752E-14   1.8244081711774554E-09   1.2736490800883890E-05   1.0424994024264104E-05   4.4714582783507259E-09   1.0644709714902219E-07   2.0228166713806540E-06   3.7364973464547817E-09   2.3553861249254087E-09   8.6715375383184517E-06   8.3926388882092420E-09   3.4948080873082117E-08   4.2721617796028447E-07   8.3472090156915258E-06   9.3246020247863658E-08   4.8020432241113157E-08   1.6408127335586859E-06   1.2668990191206231E-10   1.7055035746989944E-09   4.9380321853758075E-07   2.4906638988748102E-05   5.8195193995471507E-10   3.0081505129120895E-10   8.9897340236816294E-06   3.4693971477550972E-04   3.5123805755139139E-06   1.2704382407182103E-08   2.1020414111658644E-10   1.1919260838793223E-10   5.4895692953877702E-10   8.7370327873742175E-09   6.1624680357992592E-05   5.9217624234931150E-06   2.0960600521481230E-09   4.2377616206757163E-08   9.9894377439558615E-09   7.6325988561111164E-07   9.1436381445378587E-09   6.7600731362264727E-07   2.4375335265868732E-07   2.1106213462709754E-04   1.5281348166731439E-05   2.1174912325016688E-06
  9.7861915088034556E-14   8.0443648743858043E-17   2.3785841210195141E-15   5.8300839173591047E-15   2.4066663207134904E-15   2.5497603384442572E-14   1.0076226138146732E-13   1.9428007414484215E-11   4.5693897325188790E-14   2.3482275268642532E-13   5.4845943448979104E-13   2.6086521430442154E-13   9.2076590127664590E-12   1.1353022770462738E-10   3.0010743961651858E-12   3.2955662101076372E-10   3.6921138445244264E-11   2.6244872927934542E-15   9.0661472347108944E-11   3.0854590244188049E-11   6.7059550472063378E-11   1.2396128604432108E-14   1.9194618542222666E-14   2.6504181094448858E-15   1.3667968241535964E-10   2.9216189854661232E-08   9.2580187846877671E-09   2.3188914107228778E-10   8.9164845913930046E-11   1.4398511888886155E-08   5.3076652483381349E-11   1.1935201261590616E-11   2.0368692953871118E-08   1.4039065411986833E-11   3.5292875203888870E-09   4.4129786258068212E-10   5.0399739289927358E-09   3.1098614220918457E-11   4.7865723315143617E-10   2.8170711656057897E-10   1.9920626465189649E-11   4.5010067537658843E-11   5.2456242292817038E-10   5.7215333063534725E-07   1.6288711512886507E-11   4.2005812022942324E-12   2.8345926839277974E-09   1.4520744312868450E-07   2.2355971940107183E-08   2.0686982097269129E-11   1.7911075944090772E-12   1.4482223429020383E-11   2.2038865410790054E-11   8.6373991652843501E-11   3.3669432034815217E-07   5.5764728941522905E-09   2.2787276173641711E-12   1.3665831076811083E-10   1.9232080716505541E-10   1.0381361371997180E-09   2.1395874765398009E-10   5.1776070767470941E-09   3.4436487221573853E-10   6.2737442849027157E-08   2.7506432322145907E-08   4.9202839437485700E-09
  1.1178071214017695E-11   1.8524390588179021E-18   5.8268269907525052E-17   3.1559368635638252E-16   1.2227750947370079E-16   2.7881457591961194E-16   2.0214129123776165E-14   3.2033846463157443E-12   1.9818180949630728E-16   3.0204635563935771E-14   1.4041842777445895E-11   4.6439030720113651E-13   6.4675639008570641E-13   3.0471369576102710E-10   1.7101454636028203E-12   2.9573169986564934E-09   7.9968339054729762E-10   1.8523097446875606E-15   3.5421292787520568E-09   3.7034946460962215E-12   2.0373575159678111E-09   1.6523849823554327E-16   2.2729431903742193E-20   6.3173355738509567E-16   2.1537050180905706E-10   2.6560310834006639E-05   1.1045104714535400E-07   1.0520848645177475E-09   3.2700969800509270E-11   7.2549989467053674E-08   5.1475269781546700E-12   2.9844424702430715E-10   2.3629446265241473E-07   5.4884585310351408E-10   4.5554116411106529E-07   1.0531668165415297E-11   1.5540600393644576E-09   1.8873722177396457E-10   1.4646292008200614E-07   1.2518287232320319E-08   2.4742408040826447E-12   4.6380415366305974E-11   2.1456862936129753E-08   5.3736649472830182E-06   2.2037975261626890E-13   4.5252428032906367E-11   7.7794560571493071E-08   1.0723236982876957E-06   3.1512528186637638E-06   4.9578934596110072E-10   3.4742506318762668E-12   2.8185939710314817E-12   1.0215371862101570E-11   2.3971623561186194E-10   7.4662936776339765E-05   2.0746288670034159E-06   3.5362173622634462E-11   1.6057685226802866E-09   4.4877455197590171E-12   3.0069115631730503E-08   1.1294546020202583E-10   2.5327194018097955E-08   1.9258712386118361E-09   8.7327829224254118E-08   1.0407600233996488E-07   9.5239653317271860E-09
  3.6339432728277329E-14   9.5708893285039560E-17   7.5748537248946462E-17   1.8872117919815892E-15   8.1724983996949884E-16   4.3109678839656707E-14   3.5802137333377762E-15   3.2418020531577852E-13   3.6259247613077776E-16   8.6551645114590927E-14   1.9063010939260399E-14   2.1653820647867672E-12   5.6925287697128627E-13   6.3128367953918194E-15   9.8361632610939492E-11   2.0681067557507604E-10   7.1435878191844661E-12   5.8715134081022342E-15   5.3483954084671901E-11   9.1958750569191200E-12   3.8611162994847307E-11   1.1078201901622484E-17   5.4046329309974256E-16   5.6911005398422841E-17   2.0247374203624455E-13   7.5911809803964189E-10   1.4154347064380617E-08   7.2070731031440615E-12   4.6127687693785618E-11   3.5365947012333213E-12   5.0110569003992642E-12   2.9579217594042978E-13   3.2285761242915309E-10   3.1461643804020081E-12   9.2022442754697236E-10   3.1000975358235180E-10   2.1721880123316627E-08   7.8319914015177279E-10   7.3677145810716728E-10   6.3265821819541460E-11   4.5308080774959373E-16   7.9476288074696795E-13   3.1150621163344386E-10   1.0807965399571860E-08   2.6911629190491246E-12   2.9390419591919402E-12   4.5229447472568805E-09   2.1863112002452052E-07   9.0274765948207485E-10   1.5006973508480737E-11   7.0319788882658766E-12   5.9404011433230646E-13   1.6805033969762670E-12   1.0400400244408125E-14   6.5817229333239659E-08   3.5552849327885727E-09   5.8420062493761716E-12   1.5324996464891404E-13   2.5778760989326972E-12   8.3187903195264850E-10   3.3407078559694395E-11   3.9804140268405642E-10   4.1727065947287268E-10   9.2183449058740199E-08   1.5053945399279108E-08   3.0519631294229455E-09
  1.8956467851394342E-14   1.0938591128827391E-16   2.7002277232092738E-16   8.7851731537872680E-18   1.1901943276969393E-15   2.5949012783833134E-12   3.4979848968121683E-12   2.0161722047248006E-10   1.7933015722478799E-15   5.9889412591697643E-11   4.2173058914057130E-12   2.1020341889614343E-11   3.1057838985053745E-11   7.9510225423727323E-09   2.9975515904620947E-10   2.4611419845619029E-09   9.6599622851795087E-11   9.8633994462249562E-14   4.8690967184619010E-10   1.1799289678829316E-10   3.4554559635014150E-10   4.7167066995030073E-15   7.2236452900400187E-15   4.1751165270247940E-16   3.7977959242977397E-10   3.2077693166663714E-08   3.1130239949572297E-07   3.2400590641570442E-09   2.0325924349301927E-08   1.7834137497550540E-07   3.2856741874378171E-11   1.0180884149384841E-10   1.6727563207433790E-07   4.9996650109345429E-10   6.9213281556859369E-09   1.4199883150680604E-08   2.2256216523375589E-07   3.9767336295748569E-09   1.5452401899316979E-08   1.1871809381018319E-07   1.0338954414567574E-11   3.8858915113940499E-10   2.3994000864549651E-08   9.1442756885453497E-08   1.0856138437809408E-10   9.1347269712690447E-11   4.9627637013414075E-07   7.8528864743158693E-06   2.0623286253300991E-08   3.5166051997278245E-09   1.2327571207140589E-10   9.4276458180173295E-11   1.2919472497955642E-12   6.7787177757347283E-11   1.6825399659701382E-06   3.6632643207656728E-07   3.8906177357594669E-10   3.6241256576173522E-09   6.9532625020285515E-10   3.1967605546283631E-08   1.4312168966539303E-10   2.7822752518986875E-08   1.4856300701128417E-08   4.5725918029076057E-05   5.4268090025356574E-06   1.0395362658586106E-07
  9.7381557704024747E-14   1.2716995776438208E-17   2.0652422446094080E-13   7.9809381411420113E-15   6.6548489296564525E-15   6.9464727207023039E-13   7.6934020550866261E-11   1.6598347547593313E-08   9.3122640934396320E-15   3.6456448466201215E-09   1.0256298364093932E-10   9.2270028569828128E-09   2.5979534032984798E-10   6.2469198954504525E-07   1.8385168468548340E-07   2.0095505334778429E-09   1.3434150061321750E-08   8.0695822441556399E-13   6.5902734001718322E-10   4.7496621260086909E-11   2.7480281432984701E-10   1.1420982599682920E-14   5.7748369184614925E-14   6.3201913500457398E-14   4.8328334691519923E-09   6.2096356877098437E-07   2.9461792304315612E-05   1.3642066414910138E-07   2.6029359060184997E-06   3.4414080968500839E-07   3.2856997139901833E-10   2.4292854104868728E-08   1.0322660528205537E-05   5.9520712125232870E-08   2.2059292664392574E-09   7.3922324358367514E-07   8.8613440438067684E-06   4.2364818598086197E-07   4.2838610465628128E-07   1.5379335823413931E-05   1.1242808696511516E-10   8.0269818475501008E-08   3.1362003865536708E-06   6.3660582117048032E-07   8.6967870794787624E-10   7.0644579687016107E-09   3.2023316846224423E-05   2.9784175092069555E-04   1.3291804400676228E-06   6.1814588925876695E-07   9.7748536419582931E-10   3.0762880740353881E-10   3.3620102352094363E-09   5.3724484376169391E-09   5.5363425645619501E-06   1.4899316044895342E-05   4.0004765473900727E-08   2.6776123555224705E-07   1.7064115143393370E-07   1.5311981990121981E-06   1.3960788969723504E-08   1.9915570776302922E-06   7.3535430272490352E-07   1.3485818667449557E-04   1.9700541164712012E-05   8.2331809502658751E-06
  4.7926717176536054E-10   1.2495052044081823E-16   1.5788990265060148E-15   2.1890432948934641E-14   6.1828066796253601E-17   6.8179370986526022E-12   9.3369165650984214E-11   8.3375278907718404E-08   6.7766451725117106E-17   1.1507723589322834E-09   2.4758258530011428E-09   3.9969715251300380E-11   5.7355372887540352E-08   1.0127511693206929E-07   2.5862319774451342E-09   1.9584009327715163E-06   5.9441901343368714E-10   1.3000908560028316E-12   4.5371292249752303E-07   1.6638652701371201E-07   4.2894362742074742E-07   3.5252491407684395E-13   4.7915298854873625E-14   2.4033669140322646E-14   9.6576615341466059E-10   6.5373906405273639E-04   4.8438445591903214E-07   1.7997855527344054E-09   4.2300805744078809E-10   1.8780289098522718E-06   8.1017948263536760E-09   5.7379061127749233E-09   2.7862696579867947E-05   5.1044754718118982E-09   4.2422665780025500E-07   1.4734075536957022E-10   1.9151436832912282E-07   3.7385339519330497E-08   5.1514123881378271E-07   4.2864751250297848E-07   2.3028559991394755E-10   3.0620749125800482E-10   2.3698577004820802E-08   7.4098909910642809E-04   6.9882483338879047E-12   3.6429392347174908E-10   1.1888552484995582E-05   2.0594220569937699E-04   2.1910021533551731E-05   7.4998715447118184E-10   6.7590161969227857E-10   1.9639455686431148E-12   2.6269385274133412E-09   1.5787988207689344E-08   1.0129076421922069E-03   4.4809762011291459E-05   1.5937780446857832E-09   1.3747030327848976E-10   2.8812554307892378E-08   1.3377016569355835E-06   2.2854029025906274E-08   2.1296137858548517E-06   3.8601426983279446E-07   2.3064651222235829E-04   5.0110691641338894E-05   8.9351595618714738E-06
  2.0829304844400878E-17   5.5593701210754309E-18   8.1710090404308993E-19   1.5302135628708445E-16   3.9285349183523005E-16   1.3792932504927359E-16   1.1993048634983191E-15   9.6890908573400833E-14   3.9210063722019191E-17   5.0356794845261446E-14   6.2700881807330385E-14   1.2411291894682552E-13   3.1344728418232259E-13   2.2181651748126565E-11   1.1750708506612792E-12   1.6546935331980339E-11   2.2120999583472193E-13   1.6519171521169078E-15   6.2156962386692025E-12   1.4463317700516688E-12   3.2647512258965552E-12   1.3766944074963128E-16   8.8244421760499253E-17   3.0796015154291400E-18   1.8453499139365526E-12   4.6134533061831848E-10   6.7929513073968738E-10   6.3830390173012932E-12   8.3653352900798924E-13   1.0734991619037395E-09   2.8921595645136256E-12   3.7959847508187308E-12   7.5600445728162642E-10   2.6423175945009730E-12   1.0479856538909808E-10   7.6549380369863330E-11   1.0693573855481382E-09   2.8875504373150312E-14   3.3675289102086174E-11   2.9122350955848254E-13   7.2695799541932673E-13   5.3219883980948075E-12   1.4309615407245659E-10   3.3988579755431531E-08   2.1564857217617969E-12   8.9371806882025964E-14   6.7147965308187430E-10   1.7348625634693628E-08   3.4803833933077378E-10   5.9003994934625979E-15   5.2158533732825030E-14   1.5003115118670845E-14   1.1975759761000302E-12   2.8700002240529467E-13   1.8669414146383257E-08   7.7179391349541259E-10   1.8896958884107981E-13   6.0719181943464019E-12   8.4511836850005955E-12   1.7574854337783701E-10   2.6477381828004908E-12   2.8578912248791037E-11   9.1551101651301120E-11   4.9218581708529524E-09   5.0340831514734550E-09   1.4351168637475182E-09
  1.7071522147419928E-13   2.3032632457684893E-17   4.9580843785221171E-17   9.7369466024815170E-18   1.2880958967617115E-15   8.1234378857047016E-16   1.7679200007628523E-15   3.1001460064527351E-11   4.3434893548347815E-16   6.7471865208206319E-14   1.1842621388471329E-13   4.8490780888727782E-14   4.5753146503487908E-12   2.1590720784480833E-10   9.3874189057452187E-13   9.9581475637736101E-11   1.5048852600461128E-10   1.0470023073624085E-15   5.3588042690483630E-12   1.5818900785581227E-12   9.4854580526596566E-12   1.1522653298915703E-16   3.0399782157852897E-19   8.6282443727135320E-17   2.2522627228379694E-09   1.4312342426604425E-06   1.9421408130778105E-08   1.4667799466917174E-09   8.3897132192870493E-12   2.8603512334564395E-07   1.2853594248797413E-10   3.7082292557222087E-10   1.7270523053309206E-08   1.6811878299923500E-10   4.2988227581017542E-08   1.7304072545128446E-10   3.7489036293594036E-10   3.2586437525394598E-14   9.3630697845689638E-09   8.8533485006240191E-11   2.9345427046266910E-11   9.2721228749858007E-11   4.6679890808645189E-09   9.4315378367779471E-06   1.5660270889032689E-11   2.7539441388605325E-11   6.0206929496863407E-10   1.3939825695467934E-07   2.8750313469641740E-07   4.9504310663552271E-11   1.3997662920218194E-11   1.3149488705374661E-13   1.6793986902261526E-12   8.3883487122517739E-10   2.8734250211105072E-06   9.9413658918542879E-08   1.6355456222806678E-11   4.1098522646440987E-10   1.9813776352641007E-10   7.4292146705345216E-10   1.2243377588889054E-09   1.0640882667994363E-07   6.3610990474758954E-12   5.0055548010581738E-07   2.5373281233580480E-07   5.5295690397280662E-08
  5.3753655769926678E-15   2.0421321973497703E-16   3.3086508645163331E-18   8.4109607870159455E-17   8.3271934257775154E-20   3.8103234804840381E-15   1.7713395677201174E-15   1.2933749201845105E-12   5.3227432262738228E-16   3.0100259064811274E-15   2.6729795741934668E-14   1.7642676743054916E-14   6.7938037282804171E-13   2.0277353679945410E-15   5.7744883651600660E-14   1.2941143344346179E-11   1.9831268510599138E-13   1.6560857184263990E-14   5.9877890165124291E-12   1.8703080777964776E-12   4.6732815811333505E-12   1.9728629565688366E-15   7.0026042977133613E-16   4.0758535993230871E-19   3.4726554085874021E-11   2.4402511497043165E-09   1.0454355778576816E-09   9.9794981686278798E-12   6.3562091580618165E-12   3.2663289616529664E-10   1.3443215651506768E-12   1.5585588905039881E-12   9.1027198408485757E-10   5.1012470675280913E-13   1.0295890760346060E-10   2.8137059668558249E-13   1.1610858920683347E-12   3.4508650186787384E-12   1.5924261075621596E-12   6.7741439386477578E-12   3.7245136220536448E-12   9.9662017197435399E-14   5.4373452582437766E-12   3.1700654161186906E-09   3.1813640201330747E-15   9.0035039290931451E-14   9.8824530133870114E-11   8.8594864578879882E-09   5.0078852794304713E-10   3.8287813431120959E-12   4.2294441380873804E-12   6.3501959569983133E-13   1.2135651098724457E-12   7.0882336636798634E-12   2.9427154837276225E-09   1.8314758582520478E-11   3.4747567640643805E-13   4.0807892685853707E-12   8.4512811752145122E-12   2.9900045041971514E-11   7.2725255770939594E-12   1.9865245881915067E-10   2.0776484467996630E-13   8.9456617105863748E-10   5.6005311881429034E-10   2.0006020350190771E-11
  2.5607202796378301E-14   2.0210186992180107E-17   5.3087241042270374E-17   1.4204907972445907E-15   2.8609747234108929E-17   9.5465595181723280E-15   1.0427324623664833E-14   2.1303343729210109E-13   1.0067996215850312E-15   4.4156825186374799E-13   1.3934440396280495E-13   2.8390733040787619E-13   1.7618197621822091E-12   1.3731156392761357E-10   2.9619240142597819E-13   5.9427223799581100E-11   2.6400082532240802E-12   6.5076533135616582E-15   2.9337080733985766E-11   9.1102072599218568E-13   3.3815980705435005E-11   7.5468468396524175E-17   4.8302643055283945E-17   1.4212668390131374E-16   3.6895712195577957E-12   8.4861182044293870E-11   8.4019120343690984E-10   4.4207002749077279E-11   3.2955608336387213E-11   2.5397919086041791E-10   3.7130349693735603E-12   1.1804333001916267E-11   3.1676308521743667E-09   1.1719100458031829E-12   1.0472045777179292E-09   1.1076802781316605E-10   1.2250638327145495E-09   1.8627321105499190E-11   6.1273544408896248E-10   4.0210170651971109E-10   2.4924043343233718E-12   2.4806591243921225E-11   1.4609515198743808E-10   3.4215429372662682E-09   1.0282592528676991E-11   1.7304529075027688E-13   1.3880287232061346E-09   2.1393436585535067E-09   1.2596386233955624E-09   3.0990925900096227E-11   5.4988995833735667E-14   5.3781632597269174E-12   2.9719461930742538E-13   8.2468245523503642E-14   6.7596954711348114E-08   3.6831508255131550E-09   4.8099685141152566E-12   1.1573256372463813E-10   1.9313940726356287E-11   4.7057750131489868E-10   1.0139123025805608E-11   7.4127588609863396E-12   2.4564965496841156E-10   3.3676009039548893E-10   1.0495570179492970E-09   7.8078632645462967E-11
  6.9021551960867133E-13   5.3439583174390148E-15   5.7268798832228405E-15   1.1947855801248549E-13   1.6821184569484887E-14   9.2047798095140211E-13   1.4046556245005236E-12   3.6155313542614336E-10   1.2026663865925350E-14   3.3011965797510763E-11   1.1046989613937842E-11   3.1893911431482418E-11   8.4508131459347845E-11   8.9116136207350177E-08   1.1533325061231345E-10   1.8163494180694917E-09   4.5333132594263872E-10   4.4800127649014996E-13   7.3567583080782213E-10   9.1116366346473970E-11   6.4032286317774185E-10   4.0946834577719407E-14   1.9401708537487213E-14   7.6469994153776363E-15   9.8165779746195079E-10   1.3207396767147495E-06   2.1613196671406077E-06   1.5005372673492467E-09   1.8920181653281971E-08   3.0603425544989316E-08   1.2827338385033863E-10   2.7519234523091549E-10   2.1201513450525288E-06   2.5771367932380796E-09   1.8429280553408069E-08   3.5108890148281301E-08   1.7480893643687145E-07   1.2418370782385096E-08   3.2347598518808782E-08   1.7584424208129521E-07   2.4645915038474292E-12   5.7102899528384745E-10   1.7968265669689467E-07   1.3305304947729850E-07   1.8558082066857751E-11   8.3095128404263878E-11   1.2158243223570506E-06   9.3332065881399125E-06   4.9264443399965599E-07   5.8693624300673444E-09   9.0059900725350156E-12   2.9420506188026743E-12   5.3109547862727777E-11   4.6189660155926837E-10   4.5256312205066211E-06   1.1335817249979262E-06   6.8755002625866726E-10   1.2687570188208272E-08   6.6122813563226963E-10   1.8317959507978597E-07   3.1779182287693488E-10   1.0080498609905723E-08   6.5528146116744370E-08   2.1058389782147669E-06   2.9008606289892836E-07   3.0012375309253934E-08
  1.5397032496975036E-13   2.9665671502784137E-14   9.5307217383158933E-15   2.2783796520237922E-13   1.6401731195772153E-14   3.8540272185767389E-12   1.1456621879144111E-12   3.6638681921794117E-10   5.0662673013761784E-13   3.6237380454825624E-11   1.6005772747564612E-12   5.7180077136500908E-11   6.9782313022790318E-12   1.3469282894496889E-08   4.9574502463793632E-09   2.2628253968645172E-10   6.9335998866445836E-11   3.1599968859771331E-12   6.9669744966340578E-11   1.0382514012484415E-11   6.2613118148252448E-11   5.0143759614742460E-14   2.1112732156653638E-13   7.7752243847913038E-15   4.8862847204860713E-09   1.8140272619225064E-08   8.2504645971694649E-07   2.1363191144128662E-09   9.1364931817206468E-08   2.9660032725354711E-08   1.8263870851787817E-10   1.4198232617427028E-10   4.9359207372687589E-07   1.8610198384887441E-09   1.5751852112930411E-09   9.9580264524978474E-08   4.6777308063351740E-07   2.1814015160324203E-08   1.9727955629668830E-08   3.5693187647995400E-07   4.6457147869512359E-12   2.1106211689735743E-09   7.1803148025620303E-08   4.0578829266872147E-08   7.2234439234150083E-11   1.2702050295495896E-10   7.0109713156375868E-07   5.9059192732899567E-06   4.7308786783031378E-08   2.3340820426743215E-08   1.5546322033871289E-11   1.5047548748095591E-10   2.1772807871233976E-10   1.2762745899805672E-09   3.2889679853045509E-07   2.9603732765642013E-07   1.1146199271235554E-09   1.7536616140378205E-08   2.6763975846520108E-09   5.0322409575707317E-08   4.9218548867410006E-09   1.1232497753352804E-07   2.3622198339342427E-08   2.5462894626960271E-06   4.0763178051829867E-07   6.7234217309548453E-07
  4.7076863243311691E-14   4.1982425029254265E-15   2.0063080845410643E-13   4.8983713278688652E-14   3.8308962310261350E-13   7.8406400085066511E-11   6.6880826778018701E-11   1.4774315017305924E-08   7.3987251898823217E-12   1.8782276450771034E-09   3.9909845243655318E-11   3.6194925191105521E-09   1.2134731524232024E-10   2.1900310865758015E-07   1.6749105307540786E-07   2.2768385584802923E-10   3.6739534618561596E-09   1.1602863397160684E-12   3.2210616949113398E-11   1.7997320189053651E-11   1.1826316987212232E-10   5.1234738485149959E-13   4.1277154555977894E-13   3.5346184252869289E-14   9.3019088813249060E-08   6.5558409565610497E-08   6.3482034462409543E-06   1.2962615549379403E-08   2.3152660276652243E-06   2.8065030539760987E-07   4.3229920055524259E-09   1.5482969587117669E-09   2.9879510022337133E-06   1.4575814974052302E-08   3.1647616661036897E-09   1.8977439646475557E-06   1.7649057136011190E-05   4.6549751378118700E-07   1.4942024850774008E-07   5.5229659666427209E-06   2.2248003404421099E-10   3.7540891659076489E-08   6.8105325955390977E-07   6.7965654405159897E-07   1.1246440050495282E-09   6.1929253988924381E-10   8.3072958646781146E-06   3.7199330553154131E-05   3.8837352216840449E-07   4.4653728949873981E-07   5.1145912579356434E-10   6.5679167216836367E-10   5.5968987994350543E-09   7.8652699998030721E-08   4.7300182014411916E-07   3.1330441968844575E-06   2.2229867942838854E-08   2.4814117838081430E-07   8.6227232544559986E-08   2.1337957058299001E-07   1.4528696385864526E-07   5.5826384518343575E-06   1.4797054722506567E-07   5.6504939070342104E-05   1.0030076407525532E-05   4.4723132228975184E-05
  2.6399203734663953E-15   2.3419210177700257E-15   4.8870317761562920E-14   5.1596421781182994E-14   8.4060103741995479E-13   1.3254400656663815E-10   9.8736923962315423E-12   4.8528969989200360E-10   1.6168546469968499E-12   1.1259045475248083E-10   1.1334318073113008E-12   4.9490462778461848E-10   1.3407667663162586E-12   7.7902399762165122E-10   1.8058722006623184E-07   9.3303549296625624E-12   1.7618884583932989E-10   5.2749067373668285E-13   1.4779420226483329E-13   7.7521084591139554E-13   1.8914188663525430E-12   3.9228557988741731E-13   3.4472149132284572E-13   3.8394115921990976E-14   3.0782138310582631E-08   1.0869884485909933E-09   5.2376026544181475E-07   1.7508266208824815E-08   1.7608237357105416E-06   1.1699128036546847E-06   2.6858979560721378E-09   3.2138992517817108E-10   1.5633476958790546E-07   9.1171417086210703E-09   1.6896439296960803E-09   2.8818043905713959E-06   8.7294725090265894E-06   5.6030127895479622E-07   8.6833861009023251E-08   2.9845661915303045E-06   5.8202257724531913E-11   2.6054836191912958E-08   3.0011983900737664E-08   1.1917413457613473E-07   4.0206471604561696E-10   8.8085033130539227E-10   2.5894254204876339E-06   1.2289596339363873E-06   2.5064466114530033E-08   3.0141358204637264E-07   7.1648023054862732E-10   2.5057738933788414E-10   6.9231184519316883E-09   7.1241762655429628E-08   7.3065998882008711E-09   6.1852556556377849E-08   1.5323288713137817E-08   2.7266423490401583E-07   6.1324385035691157E-08   1.8712454796449180E-08   8.3405109020871047E-08   3.5110249996190499E-06   3.1517037215546643E-08   1.9679819644134684E-06   9.2067352674644252E-07   4.5671213919536582E-05
  5.1277164049944332E-11   1.4058793820586040E-16   1.2305200416661006E-15   2.3173437733545133E-17   3.1380088734442583E-15   1.4172375532990843E-13   2.7956033329744580E-13   4.9936721082336206E-09   2.6474981102249063E-17   1.3927741869590034E-13   1.3564015398756172E-10   5.2228701680506921E-11   1.8458558407584338E-09   1.9728054762928008E-07   8.5557910129042252E-12   3.9483281583085712E-08   3.7226074167501810E-09   1.6124901005870658E-15   2.2523055299079069E-08   4.3894958821742228E-09   1.7444225450678156E-08   7.7492707469479089E-16   4.1630428426694215E-17   2.5503749729635125E-15   5.0926190506546968E-09   1.0012738258722813E-04   1.4042830917055331E-06   7.4732592739654809E-10   8.3888582314070083E-09   1.2893269621529185E-08   1.9899297536671894E-10   2.4816257858395888E-10   1.1817218266961587E-05   5.2564641666844707E-10   6.5002441713177882E-07   1.1586877600213559E-08   1.3799980426263135E-07   1.6006016591578236E-08   3.5446097492843472E-07   2.5490174232525404E-07   3.1998216099489032E-12   1.6232789927124876E-10   4.7277932440807195E-08   1.7263465003325220E-05   2.2909841724152392E-10   1.2490012829599622E-10   3.1753792853186574E-06   1.3743385205067426E-05   1.1820793798514178E-05   5.0841733365623087E-09   9.5892192492400524E-11   1.8797385917566526E-13   6.6155516103382324E-10   1.5972990931061347E-09   2.9157717485565513E-04   1.2841821481627928E-05   5.7270965884107148E-10   2.5872067719812085E-09   9.1572161969704789E-10   5.8027003660723879E-07   5.9968186228368763E-10   3.3889892633522709E-09   1.4392019954793996E-07   4.6096386909378275E-06   4.0811670412322092E-06   2.0961938915104940E-07
  4.1190319416759341E-15   2.3919988043625861E-16   1.4784504323517279E-16   5.2500848445145936E-16   2.7542294316227905E-15   3.2324291170466668E-14   1.2429193652924036E-14   3.2958663604115785E-11   1.9788393181956305E-14   8.8045621664770836E-13   2.5381861433140719E-14   4.6710446120976696E-12   2.4952666128483502E-13   1.1375982155700384E-09   6.2651228486040571E-10   1.2808835996123600E-11   1.6963108089658417E-12   9.8690573357974590E-17   4.7213583839586543E-12   8.2369470309659403E-13   3.7964630616214590E-12   3.6508297194985955E-15   7.3926283711854756E-15   8.6231816165197826E-17   9.5559985195531563E-10   8.2142649755830464E-10   6.0990268619362030E-08   5.8762716440938121E-10   1.6351631411450077E-08   6.0956207495185150E-09   3.1264144013179693E-11   2.6048587920103331E-13   2.6295098718304787E-08   4.4670408408454000E-10   3.2430334972503218E-10   1.8609521213584296E-08   6.4819414505561858E-08   2.3997180577249833E-09   3.1818639519488090E-09   5.2089561654973032E-08   2.1454315210155896E-13   5.2477130788475936E-10   6.9345013833782056E-09   1.5912088195027797E-09   2.8370091893502745E-11   6.2777042960482329E-12   8.1992472236127946E-08   9.1656247962197565E-08   1.0241255419171551E-09   5.0005225227294124E-09   1.7892804956178937E-11   1.9290736538346726E-14   4.1976172733240199E-12   1.9806076963902123E-10   4.6434469374232134E-09   2.1431507445232484E-08   2.6607006100183510E-10   4.2577626876787159E-09   8.5248510399430692E-10   4.4709160217133427E-09   1.0765663188015769E-09   1.7880892989572888E-08   3.0568489003046170E-09   1.1478934584738274E-07   2.2280751598785685E-08   1.2235819319335036E-07
  1.3500714712839039E-14   4.5694504058711620E-16   8.7912126263722439E-17   1.0861446883719636E-18   2.5558771279275778E-15   6.0764700279646512E-15   1.2918010064535979E-14   7.6959381532134681E-11   2.2674754287208278E-14   1.0315782127417871E-12   1.8382984933135367E-13   7.4817522576216597E-12   3.1912176682877024E-12   8.8055851851504870E-10   6.2609063231953600E-10   1.4615443090101979E-11   2.5522179436368835E-11   3.5351586685043460E-14   9.9604954934086521E-12   1.6352849515554672E-12   6.3772050681799027E-12   2.2377306185777134E-15   3.8580670570472263E-15   1.1696120232426499E-15   5.9789101921345359E-10   4.8702652767153729E-09   6.5387386340462139E-08   3.8416260119177230E-11   5.2579244784449096E-09   5.0764607985496609E-10   2.4436374554643715E-11   1.4538934214964616E-11   7.6885734425510073E-10   2.2571517932826442E-10   3.2582337048314879E-10   3.1156254048484093E-09   1.3164480257800099E-11   4.0371638585609549E-10   1.6401425123369020E-09   2.4194311245167570E-08   8.9565545014970842E-12   1.9706560691039995E-10   4.9319261309463491E-09   6.1126913819774694E-10   1.1812507919627158E-14   9.3583292971859434E-12   4.3970169243281296E-08   4.2120319420699806E-08   1.7048626939567948E-10   1.8621834049907309E-09   1.6293590672612309E-12   2.5031309042317571E-15   1.2183272665530674E-12   9.0239036326195317E-11   7.1516901378619316E-09   7.0358103181444036E-09   8.4033154808317345E-11   1.4112019579657924E-09   2.1768493431389546E-10   3.0844747379647223E-09   2.3619842561156460E-10   9.0143015579708893E-09   2.1132957824027400E-09   1.4673374668823219E-07   4.1331428661218706E-08   4.0264080586384261E-08
  5.3920276604681744E-14   2.4020289240902054E-15   1.6610734421406904E-13   3.8069038577706922E-14   6.9984511624239289E-13   1.7548776812732748E-11   3.7859470342138358E-11   3.1159057867612420E-09   6.3104849309575680E-12   1.1758110909024534E-09   8.2403010229324981E-11   7.7294971317526343E-10   7.6815537487284718E-10   1.0215282513940126E-07   3.8601224093089596E-09   5.0784683577965901E-10   5.4670630640154603E-10   1.2803341416308524E-12   2.4457098454159955E-11   1.3390064741364507E-10   1.7564132619267984E-10   5.6898478944024606E-14   2.7134918241168953E-13   3.8146840304499194E-14   2.3845554095626828E-08   2.0468996992895883E-07   1.0288537221901520E-06   2.7974677127393436E-09   8.8791383231116477E-08   4.6611736812941777E-07   8.7416715146478220E-10   1.0471113494998584E-09   1.5817613369854726E-06   1.2408712990454494E-09   1.9780104042439928E-09   1.2491652616750022E-07   1.1744705250929744E-06   1.8659487826692829E-08   1.7672749782585491E-08   4.7861567794437373E-07   7.7197451140710283E-11   1.1223068217872870E-09   1.2406049295250027E-07   1.3541031409595692E-06   1.8306981051299036E-09   1.0971882912930752E-10   1.5481556296906062E-06   1.5467365842402446E-05   4.1541821229016185E-07   1.9762307223179368E-08   4.2898669036642310E-10   3.7519999742788494E-10   2.1003699054883122E-09   9.4781743496831757E-09   8.3375706375532698E-07   1.5093168581548381E-06   6.8315853819655752E-10   1.1549005882603528E-08   1.9425498582348709E-09   5.4711645048010029E-08   1.2557488432219388E-08   8.9200831406399829E-07   2.5243672970131318E-08   1.0950555842339845E-04   1.4107992812885135E-05   3.3852948939239707E-06
  2.7173395275154940E-14   3.0810480107120103E-14   6.5067284441753185E-13   2.9379276092897604E-13   4.0529144406757547E-11   2.5112542199835691E-10   3.4055586133472310E-10   5.6669576920919500E-09   7.8937249159533048E-10   2.9974220215157329E-09   5.7505299372404392E-10   5.0143934898204018E-09   1.0646321821681056E-09   1.1780898939403280E-08   8.9349609543253243E-09   1.3505850327996912E-10   2.4388640321683390E-09   6.4458017285745422E-11   4.4446925099162080E-12   1.5257896703878757E-10   6.0587205471967017E-11   7.3693614518068153E-12   1.4261785446444543E-11   2.2751160590875066E-13   1.8225536606554409E-07   1.8896548616622316E-09   5.7405034858553823E-06   9.2269461905610618E-08   5.4771176176728295E-07   3.6197024871192358E-05   3.4260029133179245E-08   1.8955432673296317E-08   2.5760349005522309E-07   1.5199536151443423E-07   1.4671619657061494E-07   3.0238932551872330E-06   1.7147294914250695E-05   1.3684602027274776E-07   1.0234441491703879E-07   1.3654835542096242E-05   1.6647567017832832E-08   5.7806347562224496E-09   1.2378554527944320E-07   4.5156510082175722E-06   1.0714127244511585E-07   2.4990973000595729E-09   2.5580951455630340E-06   1.6372941336619698E-05   2.9958572844502628E-08   1.7138378496246793E-07   1.4785610225640444E-08   4.2737663637948540E-07   6.4016663580633428E-08   9.7786549286723808E-08   3.4536877592703831E-08   8.1150678910956894E-07   2.4629804987665545E-09   9.9184542032799370E-08   1.9151157891033259E-08   2.7096235983930861E-07   1.4853296604825926E-07   1.2746548576066461E-05   1.3113347446485183E-07   3.6323912945248498E-04   4.7215142118054962E-05   1.4805906591428426E-04
  4.6389640763053599E-13   1.9148988141772196E-14   4.0188752499037762E-13   8.7339199701081193E-13   8.9365013270189969E-13   1.8747837639723876E-10   2.2749157822638321E-09   1.3177558003375102E-08   9.0237185388174657E-10   1.4869923585745839E-08   1.2680122290611666E-08   6.0880599827265596E-10   1.5285640799672119E-08   2.0062665855036140E-08   3.6028796021076514E-09   4.7883721272927862E-09   1.2983160623789381E-08   8.8037768245284298E-11   2.9443952765889661E-11   2.1867006613722897E-09   6.5403307457445242E-11   1.6412666454380142E-11   5.8070275312472205E-12   3.8194428456689569E-13   1.7474653772827396E-07   3.9887227803836242E-07   3.7080710800978935E-06   2.1266732672110040E-07   7.4893709525332175E-08   1.2380042936514042E-04   1.8052346175815981E-08   5.8411891822024110E-08   2.7536185144031358E-06   3.2023592651544418E-08   5.7325332775194659E-07   8.6409670714917657E-08   5.1227413444231937E-08   1.2905424641873635E-07   1.4242884634229511E-06   1.3431552899576104E-06   2.4590174210919468E-09   2.2740567408416307E-08   1.4469468590200682E-06   1.1640509266372186E-05   1.4435254892476174E-08   2.5642276373298335E-09   7.3905737380653906E-07   6.9789434463903150E-06   1.0298995287492632E-06   7.8889637081221745E-08   6.8465659340354752E-09   1.8335684121413755E-07   7.9076757477806130E-08   5.6929463112340714E-08   4.8315565881472178E-07   4.8153469564502357E-07   5.5163854647185011E-09   4.3908403167646486E-07   1.9827130633179215E-08   7.9948168718105106E-07   1.3471715644091782E-07   1.7978578098551488E-05   6.8985223135823963E-08   7.9061814436884770E-04   8.3518587084330188E-05   2.4271818413221675E-05
  3.3774586981521051E-13   4.1282687478057027E-15   6.1286433493744685E-14   2.3115891624658954E-14   3.5746535845464696E-14   6.7383463440090283E-12   1.6393643645583224E-10   8.5162823318576904E-10   1.0884712413605512E-11   1.2043445048645700E-10   3.0743181394875546E-10   1.7664462381584851E-11   1.3320151303678161E-08   3.1405517231173666E-08   6.3650211081282615E-10   2.3819023070182060E-08   5.7401322883841911E-08   8.1407474086268477E-13   4.0892514732648625E-10   4.4245718447168784E-09   2.4609306261979656E-10   1.1068423609173991E-13   1.2083581203862726E-13   4.3090554513344952E-14   9.7567105235320959E-08   2.1591637555047121E-06   1.9464303443526460E-07   4.7985712690652710E-08   6.0505163040986615E-10   2.2706033374698400E-05   1.3199378628288316E-08   2.0310140388233200E-08   8.0377305674407019E-07   1.5183496537912782E-09   5.5080703791718172E-08   1.0609241086558396E-08   1.5652303949392883E-08   3.8697678239760729E-09   1.6972326675255114E-07   2.0455297360817185E-07   1.6210438080023065E-09   5.5125697968791729E-09   1.2259859010544892E-08   3.5022618885635574E-05   2.6077308123243289E-09   8.1838877779442138E-10   3.0869271049877019E-08   1.6997016126527966E-07   2.3357386742183918E-07   6.8097866715195008E-10   9.4392988875823542E-10   1.0744798776460740E-09   9.9115430009883729E-10   4.8867196040702474E-08   2.5733942392857298E-06   3.8089286026742425E-07   2.3851561562258760E-10   8.5243046333255027E-08   6.0507547683731086E-09   1.2182161716451508E-07   8.9964733735031246E-08   7.9653731057863525E-06   5.3016556548413247E-09   1.5218659097996967E-04   3.8568794198108280E-05   8.4956970335411587E-06
  2.2751840351170541E-12   1.2149680030360297E-16   5.5397400413954614E-15   6.5522270041486867E-15   9.8114003761338511E-14   7.3750391177428439E-13   7.9743575572222312E-12   2.6008516363367139E-10   1.8023684383922452E-12   7.6265196812161292E-11   3.1574415133110030E-11   4.3664285120611237E-11   1.0428161050669506E-09   2.4933911146984024E-08   5.7273497128723185E-10   1.0165017246454577E-10   1.8868239398212538E-09   2.0644677497478234E-14   3.1059684113507019E-10   4.1349320695599971E-10   1.0663627238105234E-10   2.9203271105674194E-14   3.2889362030941334E-15   1.5786789366207211E-16   4.2809811081798620E-10   6.0294209882061938E-06   1.7770261819683924E-07   5.7570030272765028E-10   1.2875050094389463E-08   6.4004604751636746E-07   6.1782214390063342E-10   2.3081820828163440E-09   1.1340754089913365E-06   4.1234663581425481E-10   3.7394633811788578E-08   8.7099025175362919E-10   3.9518344905517913E-08   2.5645442183544566E-09   4.4623119933744541E-08   9.0393824413263132E-08   8.6060519979215563E-11   6.5214516938425281E-10   3.6544583961843570E-09   1.2642282361834801E-05   2.7754024258949670E-11   2.3478818780356915E-10   7.2198636904586496E-07   7.2505835970032299E-06   7.5116431101691687E-07   2.1950691178524755E-09   2.8348372961901199E-10   5.4479667485081756E-10   7.3788462466411232E-10   5.1646661076023553E-09   1.8751711658881419E-05   1.4957289395946940E-06   1.0150467464419659E-10   1.5435239719679465E-08   6.5768476701785983E-10   4.5256106585460834E-08   2.3752172143996374E-09   3.2008150958046338E-07   2.2023633049078956E-08   7.7806749988544948E-05   9.1200400804899989E-06   1.0181564525965558E-06
  1.1860535705807249E-14   5.3563476243341059E-14   2.8813330590174822E-11   2.0513388298427378E-11   5.6795307726800975E-10   8.6981360387081218E-10   4.8205209347255572E-15   5.0487350034977471E-08   4.1931209571412508E-09   7.5687251870830088E-09   2.8921080634043171E-09   2.9392280680933907E-09   4.9122415019811820E-10   1.8961783502987750E-09   8.8740134267423623E-08   9.1775028244110942E-10   1.5831040355675928E-08   1.6028946640843299E-09   6.9804614299799814E-13   2.0879676025780008E-11   8.4182411418580105E-12   1.4883442736867010E-10   3.4521481447730543E-10   4.9624993886689502E-16   2.4801184475853566E-07   3.6924638789241348E-09   9.5092992580362897E-07   1.7534521661804812E-08   2.5115399764086059E-07   2.4835188645698890E-05   1.7798400352230542E-09   3.7056985117075084E-07   1.0853659599614884E-06   7.4130840031405587E-07   2.2430778204496025E-07   1.3133594976696425E-07   4.1186459698428380E-05   4.3526383191085822E-07   2.7388768011023522E-07   3.3616393106499849E-06   4.2059622763633408E-08   8.1907903345688006E-09   8.9785808435957626E-08   5.1271244715891602E-08   1.6702917636488465E-07   4.0674245073565698E-08   3.6827523265625093E-06   3.6614161398239530E-06   1.0517616559360032E-07   3.0955010528054253E-07   2.8719506186248556E-08   6.4356781751044260E-08   9.6275775946460572E-08   9.4850716513334093E-07   1.6622749460267253E-08   4.0876977718313300E-08   3.9335754345610562E-09   8.0281955778466249E-07   3.4526575239303093E-07   6.2465585063920618E-07   6.6619419153478025E-07   1.2141792290054904E-04   1.3883622994295845E-06   1.0828741364127110E-04   4.3702410323566570E-05   1.9171273682940446E-03
  6.2545969012041323E-15   9.4305358011631230E-17   1.1771724043146976E-14   9.2540137582565574E-15   4.7682084242129044E-12   8.7692602938035677E-12   3.9441117537564072E-11   2.2866838340721164E-09   1.8803268483819054E-10   1.4144325624558442E-11   2.6122403679623889E-11   5.8312051455370454E-11   1.8536512358495031E-11   4.7166919442849574E-09   1.6505320084013905E-09   4.1092426181567508E-12   1.2097991113205195E-10   5.1459313723641870E-13   1.8677327048629102E-15   2.3113923207569964E-11   4.8973956596766710E-12   3.3203516428352176E-14   4.1611550323937966E-14   2.9146393892883708E-14   9.8545506928038995E-09   1.4978501146848540E-10   6.7982374697654576E-07   2.6482836097677575E-11   3.4709510540744566E-09   3.8129567308188920E-09   4.2301155359071044E-10   2.7299813688857867E-09   1.5978118934463144E-07   2.3326961933048999E-11   2.3809551700824528E-08   4.3641293281186508E-08   6.9929920945582305E-11   5.8659729192109370E-09   2.7113545885261673E-08   1.0801095804190953E-07   1.2516010642933219E-08   3.5053120953218257E-10   3.3233479414722918E-09   1.9309644062157570E-07   5.9425299177018667E-08   6.3822263329614468E-10   1.0411977279499106E-08   1.3663457522510710E-07   3.7008017076551271E-10   5.6921804211912845E-10   2.7887351591879100E-09   1.0721597244717435E-07   3.9692550654158195E-10   8.8953248063654399E-09   3.1149263137774121E-09   5.2035122837157071E-09   7.7063446694770699E-11   3.1795499409748428E-08   2.2155472711529313E-10   1.0727431824448485E-08   1.5674284287506332E-08   5.0949431252354393E-07   5.7282144325553091E-10   6.3658508039526603E-06   1.1945839004540662E-06   4.6690356421247807E-06
  5.7083052380069399E-14   2.9202043600183126E-15   2.3251848711087202E-12   1.1625992890930704E-12   1.5546884468380994E-11   3.1783092981795940E-10   4.7995197487411435E-09   1.6617815973246896E-08   2.3724834358703308E-08   3.6912552596185745E-08   1.7062147414751980E-08   2.9007416910282722E-10   3.4169748694998130E-09   3.0893291330428771E-09   2.9149301416639611E-10   5.6632496745147409E-10   1.8146414780450486E-09   1.0725109212296054E-10   3.1107106271534743E-13   2.0566845058341214E-11   4.0012407201970255E-12   2.0448077274993338E-11   3.1276835376937296E-11   1.0798149141484268E-11   4.9550865447291089E-07   1.3674541612531978E-08   7.7954493212018275E-08   8.6220843889329102E-08   1.7801605998026059E-07   1.4713422724942381E-04   2.0960312435272428E-08   1.4666397101685799E-08   2.1341843517574857E-08   1.8626039686010781E-07   1.7216780319307508E-07   1.5666342752004622E-07   1.5971561691948064E-07   1.2276944682273116E-07   1.0417770640557104E-07   9.2507381015193827E-08   1.5176740875370983E-07   1.1212648182833094E-08   1.5850489479783665E-07   5.4646919152989823E-07   4.0384286845444093E-07   7.9865843985430091E-10   5.5260357076696996E-07   2.3853067733840785E-07   1.9462556039647754E-07   9.6757305113336309E-08   1.1361800419483343E-08   5.9574256983892537E-06   3.3995486905057770E-06   5.8118083566218273E-08   5.3029632963157990E-09   2.2617043892562664E-07   2.2340122565514137E-09   2.2610150756350360E-07   1.5630888243074795E-08   5.6634075936664438E-07   3.3893306422253444E-08   5.3276982020374743E-06   1.4511671612689926E-08   1.7203369243069884E-05   2.0794840768984091E-05   1.4207595057522055E-06
  7.1011847867195848E-14   5.9342333171507334E-15   3.5259077166601513E-13   2.3818385153017155E-12   9.1577848585124528E-11   6.2278345296936970E-10   4.2115877748266581E-09   1.2426680645879207E-09   5.0894447836803995E-09   1.0586483922322865E-08   5.2996050755235083E-09   6.2804788511367789E-11   4.1527702862212022E-09   7.0285752734026583E-10   2.8571231810431714E-10   1.9892259312464895E-10   1.8157156245070174E-09   3.6160040425809061E-11   4.2489380367562277E-12   6.8746744850936764E-11   1.5883529823207402E-11   7.4837966867956906E-12   3.8991713524714967E-12   4.0058990285157514E-12   7.7720596016967644E-07   1.1753143434270773E-08   1.4746476599469379E-07   4.4160982345022012E-08   2.0274348807773300E-08   1.4209133459056278E-04   8.0070543721822892E-09   1.1718447690419606E-08   1.4364164352655984E-07   4.1621838968979005E-08   1.1663448969000236E-05   7.3809797586277802E-09   1.0310355776314562E-08   1.7645509584438993E-08   1.8828666399001841E-05   9.4029014321422003E-08   2.5444860078304841E-07   5.1708712931994098E-09   3.4249979329890879E-06   8.8434446158424561E-07   4.5452278931921541E-07   1.0338275863060614E-09   4.5033479343742608E-07   1.4577555124115598E-07   1.0174766707039577E-07   1.6875235546012561E-08   5.0922264073522006E-08   2.3655241834885962E-07   1.1409861102033408E-06   3.4690518687808754E-08   1.9727148901167239E-08   3.3182985507678891E-07   3.2307517702269706E-09   1.7404103900480946E-06   1.1732495605929354E-08   1.3354084819069684E-07   4.6290963698417442E-08   3.5555508463983000E-06   1.2969133059781738E-07   2.6172714363122617E-05   2.0718093254210363E-04   2.6332861748981987E-06
  2.2813219981796891E-15   1.4328140435305673E-13   5.9666369412506970E-12   9.9343201484582807E-11   5.5760206090083374E-09   4.0635025724845655E-10   1.7119283113558634E-08   5.8879714785862316E-10   2.5833498480308913E-07   5.5430599557021378E-09   1.5125504776393215E-08   3.7421051580668522E-11   1.0531838880931351E-09   5.8635233716924027E-11   3.1106483603543405E-11   1.2315981002231217E-12   1.1966625677582321E-10   3.3173184688510946E-11   6.1016821573047910E-14   4.8208608592078824E-12   1.1109679741666690E-12   1.0279877460259159E-11   6.3063355629471503E-12   1.7689003410753953E-10   2.1537862218318394E-05   7.7117296069191008E-09   4.6075705992267022E-09   1.9050726697673522E-07   1.5414737588861133E-07   5.1509028733699676E-05   1.2237784384412325E-08   4.1698786058697093E-08   8.0938973748349886E-09   1.0704693490883635E-07   4.2246143479350082E-08   1.5546780013678979E-09   1.2636151989873523E-08   3.0948810605247141E-08   1.4823377436952461E-06   1.6298769218800232E-08   4.1534962835008136E-06   6.4160041750102523E-08   1.2600094768241222E-08   3.2741092520723658E-07   1.2226153210400202E-05   1.9279631278446096E-08   6.9272355383960780E-07   6.2948108192067454E-09   3.2166505382560224E-08   1.1817588014765511E-07   1.4565900154175903E-06   1.6607350088976726E-06   1.1542636399802248E-05   3.7981837638801632E-07   1.7390055946005753E-08   2.0309645602493029E-07   1.1437710991273347E-07   2.2770998099462166E-07   3.0195313417240261E-08   4.6505149394811554E-07   7.1505862253465882E-07   5.2740270313749723E-06   4.6808563416659396E-07   1.0410764661661439E-05   1.2698108024286986E-05   9.3489368600871358E-06
  7.6941563442917309E-15   4.0704442317750536E-14   6.6819765231260850E-11   5.4279956024557145E-10   3.9766369160990823E-08   1.1077728822767646E-10   3.2114304137282901E-08   3.5186533563599756E-10   1.5041493487981077E-06   2.4720482833885530E-09   1.1153268688612602E-09   8.3433232767680381E-11   2.9200029241372939E-10   2.3291269316061867E-11   1.8530190456133135E-11   1.0322681374381155E-12   8.0418973105346059E-12   4.8720727808513623E-10   1.1978713173115019E-13   7.2548559821722066E-14   1.8967278732606639E-14   1.4467445821426775E-10   8.0677725449052429E-11   9.2705874440272513E-10   9.8917992698539759E-05   7.3162560735122548E-10   7.8103389128812343E-09   5.3234710205867677E-07   1.7590200778626337E-07   2.3367972860809857E-05   9.2286772130008471E-08   3.1950946224782139E-07   1.9864727401621930E-09   3.1577532878576243E-07   4.1907682824261338E-08   5.9405287491527912E-09   7.1607289816241190E-09   4.1976067753671424E-08   1.8081693951380885E-07   4.6835979035769606E-09   3.5358675884645956E-05   2.1854302637361209E-07   2.4346530007787411E-09   9.6134588411062490E-08   5.7013274325606438E-05   1.5167234651562415E-07   3.4206900555482319E-07   7.0228244679583125E-09   1.7613096122164442E-09   3.9320608105350330E-07   9.8350675226865691E-06   6.9580849094722180E-06   1.9770262066641151E-04   2.1397550975518351E-06   2.6103080507060095E-09   1.0199986029720652E-08   5.9851694322860860E-07   2.6168378412966810E-07   1.2154183035653944E-07   6.0031579997834860E-07   5.4485242378762286E-06   1.9986191286925056E-05   3.8737141220251594E-07   4.0793289190573766E-07   1.8699789901447299E-06   1.9183868943681175E-05
  1.4044823137978171E-15   1.0015269315543487E-14   8.0987127493732878E-12   5.2261942443931313E-13   3.0035373602153964E-11   2.9869749492920016E-09   6.2201547403729256E-09   2.2809846461764477E-09   3.5491818724836043E-07   4.1829580347787493E-09   3.3236136571556030E-10   2.8974182366340178E-09   4.2791267535205262E-12   5.8001084451151026E-12   1.6691965151362706E-09   2.4980218791737055E-11   1.2309761779456290E-10   1.8492098549640016E-12   7.5278731815114957E-14   4.3520049094445710E-12   1.3260236906483995E-14   6.0035732341748816E-11   4.3247866958028526E-10   1.6857539478548587E-10   3.2329546265688786E-05   8.3706538554841560E-11   2.2310544287227262E-07   1.0001744258193496E-06   2.7002616870474614E-07   1.3696958348834311E-04   3.0954837243854510E-07   4.8052301834344730E-08   5.0576442818728492E-08   1.0216088317772624E-07   8.1093568548777662E-10   2.2853691082873407E-07   5.1569647499340491E-07   2.8548728688982775E-07   4.3245345184050282E-08   6.0077875797101242E-10   7.4492829835470433E-06   1.0412793479143405E-09   8.3568691482692991E-08   4.3855885156428905E-07   1.8967298035815272E-05   2.4327476719019307E-09   1.2470236987292596E-08   7.3940953447519166E-08   2.8172008483601442E-08   3.1082206677434042E-07   6.6956699374566906E-11   5.2741108815685810E-06   2.6300436171655161E-06   1.3186524565075175E-06   8.6801144308518804E-09   3.3507089169493406E-08   4.9451988389885900E-10   2.6806525993678350E-07   2.7408328762371267E-12   3.2574342598057281E-08   1.6392136050605010E-07   2.3843515313656213E-05   3.4511057884672296E-07   4.3363247428276435E-07   2.0750641654358876E-06   4.2402210036682668E-07
  1.6034131764722225E-14   1.2791227265012051E-15   1.1478024488237689E-14   3.3237229129233238E-15   3.5019575531769854E-12   1.2562203006463969E-09   3.3218775271913376E-11   9.5903612858795302E-10   1.5190228529098149E-10   1.0388019603019024E-08   2.9632923817466849E-08   1.1561837766888406E-10   3.5749359807863699E-09   1.8129500165053383E-10   1.0350745487561100E-09   1.7039160496007818E-09   1.2171596259866565E-08   4.7473155543337725E-11   6.0795136330168690E-14   2.0046351550395536E-10   1.7175985792951591E-10   1.2588414258271224E-11   2.5310857051764702E-12   1.5817877545969562E-13   9.0987927894375717E-08   2.7561716977385413E-09   5.7535635165730231E-07   1.3261403359641317E-07   8.1492713667367477E-12   1.3021468844171390E-04   4.9192807175992049E-08   8.6887342598249549E-08   3.2571033591315098E-08   1.1356913386686119E-07   4.8162619212039367E-07   2.5959355118368585E-08   3.5415784740884441E-08   1.0598245782674347E-08   2.8021729201468527E-05   2.3197160860053277E-07   8.4288239346814338E-09   8.5265271231098421E-09   3.8668703586066980E-06   4.0256823142865600E-06   1.9305850995777038E-08   5.6556594354592022E-09   1.4245442105387807E-06   5.1001641402377126E-07   2.3284285835735423E-07   5.2325872702977727E-10   3.1890509216851582E-09   9.9399931405116328E-10   2.0651700804612600E-07   2.4989118972551680E-07   7.2658004286057759E-08   1.0322496915690473E-06   8.0210485315912017E-12   1.2589910459809196E-06   6.5356363049120499E-08   3.9038400455276467E-08   2.6693218772480674E-07   3.2429309638956521E-05   7.8830837771141499E-08   2.9883423796198404E-04   1.7292257296752022E-03   1.3315154388217897E-05
  5.6772447568373831E-15   3.0358069110453609E-16   7.5655793341688405E-17   3.1019395458448873E-13   6.5870678308122868E-12   2.7405457406729102E-11   5.0509953486812202E-10   6.2801631237230731E-11   2.1076188669872248E-10   1.5954232804224366E-09   1.7616194402791821E-09   4.5281133097132791E-12   5.8849892317275953E-11   4.8319129958899854E-11   1.2202179658677155E-12   1.4484825592341876E-11   8.2290413989533155E-11   1.4322609262068952E-12   4.8896707614913079E-12   8.1471057598547022E-12   7.5030544840621608E-13   3.4381661075890594E-13   1.0284603810970724E-13   2.8255422430279469E-13   3.4434029771429131E-08   5.6919391336466246E-09   1.6416533434563898E-08   7.0631052210176363E-10   6.1711472569155204E-12   1.4874658804804672E-06   3.0658382397544150E-10   2.1308542236586986E-09   1.1458428925707470E-08   1.1747850819604398E-09   2.0277675730159742E-09   5.2250364248970661E-10   1.4991942443453125E-09   9.9882335529269602E-10   9.2134047006607034E-09   2.2275327898887684E-10   6.7661982354761630E-09   1.4438045153429751E-12   1.5382095188139794E-07   4.5335847465768911E-09   2.3072018732763745E-08   2.2071975860916974E-11   5.4685146631686268E-10   5.5930083869323093E-09   5.9913151450096765E-09   3.0409014213867590E-09   2.1181042708403739E-09   1.5606461189261190E-09   1.6228052128930198E-08   3.9533233812137690E-11   1.1158092459966904E-11   7.0970099343924147E-13   1.8453591829238118E-10   3.4184626995599667E-07   3.0707831388345095E-09   1.5232461083638672E-07   4.9246081732996940E-12   2.4454918514238117E-07   3.8172242256395090E-08   1.1081228390274902E-06   8.8240110317535243E-06   5.1411810558926181E-09
  1.7706216621017531E-15   5.0381695194217725E-15   1.6345528017661203E-13   1.1217071721415014E-12   7.7588566259985723E-11   1.0069491210246680E-11   4.2600917163161028E-10   1.1149487718905672E-11   3.6618080282467885E-09   2.4975523233430857E-10   2.6404303639064883E-10   1.4148664701469632E-12   2.1651692700841696E-12   1.0537906644507127E-12   1.8881776504778886E-12   3.8453713251781378E-13   4.8647682155625561E-12   1.7557865127733567E-12   2.2551914946032516E-14   5.0694930150785451E-13   4.3164139195048398E-14   8.0171149163120824E-14   2.8658793677780056E-13   2.8396477652700791E-12   3.0010471507577763E-07   1.3270497008423819E-10   1.1845466868362013E-10   2.1565531657275437E-09   2.5581119420200809E-09   5.5955066057775383E-07   2.8806707943901535E-10   1.6589322945173533E-09   4.9937433138183092E-10   3.9480804590194500E-09   1.6493453521991182E-09   1.5771146019790222E-10   5.2119889589456477E-10   4.8882003822554357E-10   5.2332828936139914E-08   2.5142160818944193E-10   1.0249334737378331E-07   1.0887832441195052E-09   1.3959331899354509E-09   6.5042219351440814E-09   1.6594178856169515E-07   2.8931330086630556E-10   9.7635376758678482E-09   4.6742159921766707E-10   4.6601861855867786E-10   3.2741254549068386E-09   1.9331617244767161E-08   4.8147318794590427E-08   3.0030446641608308E-07   4.7714092459725047E-09   3.3566018511769276E-10   1.6346008972270453E-09   9.9688272881523866E-10   4.3662774666839988E-08   1.4285341770580582E-09   6.1631654704270607E-08   9.6884428173310412E-09   9.3018631118971788E-09   4.4915144134749563E-08   1.9615628941053825E-07   1.4508977687861607E-07   1.3286310957020793E-07
  7.4040937971466196E-16   6.7888869457592576E-15   5.3250943932745785E-13   3.6982422940065109E-13   8.4089912958500089E-11   6.5974131250332763E-13   2.0426675422153274E-11   8.6177239483890789E-13   1.2615936619508117E-09   1.2458003736743558E-11   1.2356546988602296E-11   8.6128774345577118E-14   5.1179752255261358E-13   1.1693079587206152E-14   9.1005305101655155E-14   9.0204097408482234E-14   4.9276961117042925E-13   2.7933343483245952E-12   7.4330546530426968E-15   1.1870585010314343E-13   4.2865063222829423E-14   9.7862588846753400E-14   1.6376058909536136E-13   2.8031302130640605E-13   1.6118666112244823E-07   3.9360181375227719E-11   2.0055696626554795E-10   2.9425532854173767E-09   4.8402583279982426E-10   9.2795915732146496E-08   1.1311169194000282E-09   9.2056094973647397E-10   2.1630612041685970E-10   2.3642626828420662E-09   8.8141773140127173E-10   1.9730174514235998E-10   3.3186774329633633E-10   3.6252306839500800E-10   5.7278372907864532E-09   1.6135362243785772E-10   2.1376188482703898E-07   5.3637550782223488E-10   6.1890937809639262E-10   1.4511163430847816E-09   1.6135186811678332E-07   2.1014451541948801E-10   1.5050386045611829E-09   8.6608061730775680E-10   1.5024605834186269E-10   1.0224976211751750E-09   2.1461467292591636E-08   7.2852483457810615E-08   6.4867238894665993E-07   8.8055033626092427E-09   6.0686944146297987E-11   4.1139107790670879E-10   2.3864181706624571E-09   2.9976887416179297E-09   2.5672072205425417E-10   2.3357985347939070E-09   6.3306780846964627E-09   6.0223283687757431E-09   4.2446235000444486E-09   3.3834550149273166E-08   2.0501419470117795E-08   2.3462022191779055E-08
  2.0071806369194507E-15   1.9655880932413047E-14   6.0519330483329938E-13   2.5622964326999932E-13   3.9783867718149865E-11   8.0933464388950933E-14   8.0312588346496329E-11   1.5681573933483992E-13   1.0484526483810343E-09   1.7137814464972811E-12   6.5556134052801945E-11   1.3499285597232065E-13   5.8555268502593177E-13   4.4004235515181596E-14   3.7949581585750778E-14   1.5418810911594118E-13   1.8248334428059760E-13   6.3526453978294488E-12   3.2266633600091209E-14   5.9021936115574903E-14   3.6595271705377342E-14   8.0603727918679487E-13   1.4861456555137696E-13   2.2275545390271154E-13   3.9264544621112235E-08   2.3410938288102598E-10   8.1018146918650925E-10   3.4935527688035681E-10   3.1225095169676830E-09   9.3222335338272464E-08   7.0485014779567146E-10   4.8746212030023071E-10   1.1683915201388175E-10   9.5356719323078448E-09   4.9044547947992605E-09   3.4523595909072845E-11   1.3835885716968225E-09   1.8042817173324601E-09   3.8209848361095936E-08   1.3021660553232284E-09   6.1071810787264931E-08   9.8746137299657356E-10   5.4324401756797609E-10   1.1389544304057368E-09   6.3343935164731435E-08   1.6219122381010600E-10   1.3331671428940917E-08   8.9099912458924781E-10   1.0132159161527889E-09   3.3714766233598539E-10   4.5712608385533354E-09   6.6806391975310970E-09   4.4165939108528321E-07   3.6974308077962186E-09   4.8970382331067060E-10   2.9991345714355666E-09   8.0395189129392472E-09   6.9234437680492284E-09   2.3068377820152683E-09   5.9239773884476949E-09   3.9155529989042429E-09   1.1141024459911178E-08   4.3669266667740654E-08   4.9497424929988488E-08   5.0426398592973176E-08   1.8676725876260763E-08
  2.4824216953653802E-15   2.8786539766356877E-15   7.7484735442591800E-14   2.6831641449577865E-14   7.1988353165172854E-13   9.1118287296925812E-14   2.7175090305568774E-12   2.0694049929601372E-13   1.2886370397700892E-11   9.9892631845735925E-14   1.5583541161593243E-12   3.3118604578064858E-14   1.5689469445186877E-13   4.9778456400346875E-14   5.0059438348200355E-14   2.5490157903042032E-13   5.9580331547057909E-15   5.4179965950391586E-13   5.0529788228652066E-14   9.9086845907616156E-14   8.5028630135696911E-14   2.5388986503438912E-14   1.8329363694555166E-14   1.1216677157066337E-14   5.0886257019009532E-10   2.9572461193014654E-12   1.2227244632409517E-11   8.6201310116851763E-11   5.2911688505113873E-11   4.0602315563219078E-10   1.7294171885989172E-10   2.3659066971610608E-10   2.7148607382390314E-12   4.8873536527267826E-11   8.3138404084913301E-11   2.0269887460910392E-11   1.0247964274243130E-11   3.9943479245351119E-11   1.2683110199484476E-09   2.4271929447100307E-11   3.5305138001878484E-10   1.7028510185560416E-10   2.6657448678325418E-10   4.1123246748687327E-11   1.1936366311385654E-09   4.8348898843408374E-12   3.3901665702752796E-10   8.4520890837889286E-12   8.4472316964871614E-12   1.7759353667308491E-10   1.7963802179183813E-10   1.1726968068104545E-10   2.7297629771179819E-09   1.0682701999245302E-09   4.9599521577853647E-12   9.4285373460027401E-11   3.9912668458263425E-10   3.0939219356475996E-10   1.3586886801987174E-09   3.5652036543786702E-10   2.7061007904131352E-11   5.9453028472735356E-10   4.6404510432991570E-10   8.3795241129780830E-10   3.6700742651465493E-10   3.5622938581300420E-10
  8.3506965649294023E-18   6.4543331728852672E-17   3.1978855801594020E-15   1.2370950788383600E-13   3.9696740208664503E-12   2.5766066743353793E-13   5.0896353683866177E-11   2.4742517790095954E-15   3.2260013929987284E-10   4.0298877446866694E-11   3.5579040594266950E-11   1.9581221393830438E-13   1.6228316563624286E-11   6.8387514217911521E-14   1.8131550221809562E-13   1.1479828071065771E-14   4.4096373645375917E-12   1.2266825851484331E-13   3.6228325624054268E-14   3.8369065871254186E-14   2.3164799984320379E-14   3.0911261171460770E-16   3.9193107585727478E-14   2.7375910366397484E-13   3.7162697930753372E-08   2.3931974460701219E-10   1.3200513941614020E-11   9.8632410653174742E-12   5.3759639424206346E-10   1.7518805748718343E-07   4.7536898733722210E-11   2.3147122536139586E-10   1.1487948827936219E-10   1.0485213154835063E-09   1.8296715467220768E-09   1.5431506182480127E-12   3.1377424534387633E-10   7.8353599873262233E-11   2.4006083888958865E-08   3.2124823337737930E-10   1.1802393245074547E-08   2.3458341489820329E-11   4.6101941475406831E-09   2.5887912528888411E-09   1.3079906258662893E-08   9.0110029411768380E-12   3.3191585112222219E-09   3.4100969011640288E-10   6.6874374414685092E-10   2.0013880145667721E-10   2.4770456978325069E-09   1.9509176887524336E-10   2.2047759356010845E-08   3.8346432763926897E-10   8.6138575785195623E-11   1.5134700510313045E-11   2.4696907327448583E-10   8.6884274471256396E-09   6.3036558519933085E-11   4.0321502721741977E-09   5.2629694610052821E-10   5.3405114126055669E-09   2.0806520213120524E-11   1.9255885665356891E-07   2.6493501146908028E-07   4.2967840858884906E-10
  1.0409304101694487E-18   3.0977882152027131E-17   1.9514373257758174E-13   1.5744782171617473E-12   7.4902998844534103E-10   8.4351342711859086E-13   3.0719112612067227E-14   1.5807491045612835E-13   7.9731098129557510E-09   5.8555104216779265E-12   8.2337606487754332E-12   6.0358963128127569E-15   3.2959847889529933E-13   7.4264078924542923E-16   2.5104095137524440E-14   4.7724949770222923E-17   1.1476067553580846E-14   4.0175462610439984E-12   9.3127674084424524E-17   7.8859783228538163E-15   7.1054748840227883E-16   5.8481718629912986E-13   1.7341072252003223E-12   3.0407212135976498E-13   1.1044991375261409E-07   6.5777269064289821E-12   1.9834674141670417E-11   2.8969820260801411E-08   2.4411768727636905E-10   3.3720101824440172E-08   3.7379290155896149E-08   1.9569352218036089E-08   1.0198487044399984E-11   2.6838391678383308E-12   1.2988740764260686E-11   3.4712819355467272E-11   1.1151184587934628E-10   1.0508999644406571E-10   1.7118302253846843E-12   4.2288424919055129E-11   3.1138127494970138E-07   5.0714961930520645E-10   2.2379912202802703E-12   6.8933091479303670E-10   5.9122763908435311E-11   3.9095529951950763E-09   5.5069824859821520E-10   7.2241011123229508E-12   1.7961126797029213E-11   3.4151719667508265E-09   1.6879516390907576E-07   1.6576586224527036E-07   4.5126438711291183E-07   5.2954993383644669E-08   2.0293431896242324E-11   5.7878819762576619E-11   5.2943779896610065E-09   1.2596772583918781E-09   2.0414556610123977E-09   1.8451860937567591E-09   5.0878818196482054E-08   4.4670478717285363E-10   5.7056081900945022E-09   7.8039007758752259E-09   1.4541221369454298E-09   7.6021939673386145E-09
  3.1188015562103720E-18   6.0708355487081973E-16   7.2413093362130161E-16   1.3672160069233861E-14   7.0335449878582144E-13   1.6336392154722734E-14   3.8939704193349729E-13   2.5597920873174023E-14   9.9595329666017836E-12   3.5860557704824136E-13   9.5014720524164820E-13   2.6319103794009510E-15   2.1150025406260736E-14   1.6806058881855069E-16   1.0906925245852184E-14   3.2449557477513656E-15   1.3629333463712187E-16   9.7544647847691149E-16   2.1254081706600173E-17   1.2179117343349080E-15   3.2173262403677705E-16   1.7450103980529555E-15   3.8454244618832682E-15   1.5922568498408701E-15   4.2950790202095048E-09   2.8147533206628721E-12   1.2002113794885615E-12   2.0842777399023109E-10   8.1301661845771586E-12   3.5346754985986062E-09   3.9773877193936712E-11   5.1236440286490815E-11   2.8497294939056736E-11   1.0458760671906084E-10   9.2617229768448820E-11   4.0587777379949578E-12   3.0737367222530926E-12   4.0448247494983930E-12   5.4757207994284205E-11   2.9958917960497379E-12   2.8871154450224581E-09   9.2715965902714282E-11   6.2819422325057065E-13   4.7590423251962070E-11   1.0530572397951491E-09   9.3341957671005539E-12   1.0528002897636234E-10   5.6304978635155089E-13   1.6294252376833914E-11   1.3143037284353782E-11   4.9360172419966557E-11   1.5386140220118628E-11   1.1180296538569230E-08   8.1560810775954563E-10   2.4220603619164621E-12   7.1843221332582867E-11   2.5157853486448694E-10   1.2909700313517458E-10   5.6133193551201872E-12   1.0488754126281533E-10   6.9893929275437977E-11   1.7140700441845626E-10   1.1112860068542970E-10   1.5679645468376991E-09   7.5471230130063530E-10   8.8602260151628907E-10
  4.1374088627364816E-16   2.6521754629689004E-14   6.5866940798519559E-12   9.7172472605386377E-13   8.3723599290622238E-10   2.9963900642455950E-12   4.4104026713834739E-10   6.5643806764047986E-13   3.1553387098126351E-08   2.8290299937392635E-12   5.1607950898149371E-11   1.4102450833384301E-12   8.3557670368014530E-13   7.9143446534616440E-14   1.9452662792062939E-13   4.4512008906702710E-14   3.1719115680281837E-13   6.9187269854414451E-11   6.9866446124230425E-15   6.6699119166332455E-14   1.3924175269227399E-14   1.1575092868622108E-11   3.5464439454185701E-13   7.9172180154829584E-12   2.1276765187862904E-07   1.3666468094248487E-10   1.4295539338226169E-09   2.5511988032308931E-09   6.8684233590530559E-09   7.6408591665337132E-08   1.7306527770150555E-08   7.3977309598066784E-09   1.4977479629886050E-10   2.6987157210485251E-08   3.7739072511725076E-09   5.8676752127091451E-11   7.7369002829970106E-10   2.9436517260830809E-09   2.8898282147467624E-08   7.3528069276061349E-10   1.0389063883418322E-06   1.1145783609582795E-08   2.0123786087782437E-09   1.8546981321850544E-10   3.7357253647425804E-06   6.5154668345704014E-09   1.7057976394386688E-08   1.2852816183259061E-09   6.9254785724208847E-10   1.4739998605098334E-08   1.1300874373340150E-07   1.3066259826400559E-07   1.0668714338014117E-05   3.7141973392285813E-07   1.7663203107171046E-10   2.6585255487581729E-09   1.0456707619164384E-07   7.6708669470846146E-09   1.3912238706096423E-08   1.8429650193729966E-08   3.5993195135573879E-08   8.0727963885991015E-08   2.5590237922659657E-07   2.0881334246992625E-09   2.2694413284657031E-09   7.4397261357050746E-08
  5.5403660861073789E-16   2.6092332650143674E-14   3.9450308307768283E-11   2.5162861002380003E-11   3.9815732816819396E-11   2.7139768094113144E-11   9.1746409265547748E-09   2.7275242139051255E-12   5.3361906644343837E-09   1.4207853361717976E-10   2.9779966943421190E-09   1.7251126658995573E-12   2.6028880404078646E-11   1.5797839393474951E-13   2.5702576081450868E-13   1.2072453902914371E-13   2.6698266280751249E-12   4.1562218458978017E-10   8.3047180868135156E-15   6.6066034325622690E-15   5.4756406187036859E-14   8.8396105519035691E-11   1.0918361891789894E-11   8.5084121011647607E-11   1.8575801053133725E-07   1.3342197689163115E-09   1.8683813412188738E-08   4.2085078525571392E-08   1.0481142246235433E-07   1.5236147781751158E-07   4.7341081458783069E-07   2.3932214011201967E-07   1.5305980645438443E-09   2.2611047043667986E-07   2.8603369294199070E-08   9.4870203433964280E-10   8.6668302051566799E-09   3.1124848184473281E-08   1.4585392406475357E-07   8.8653599813330805E-09   2.6620276547677442E-07   8.3885266796807878E-07   6.4464222656366501E-09   5.7326278968995695E-10   1.9563251854299041E-07   8.2838703327665232E-08   2.4632002395517727E-07   1.1043322135570982E-08   7.2249848823073738E-09   4.1942652343235236E-08   6.8991383313233815E-08   2.6327940628644412E-07   1.3180724089591890E-06   4.9670097730328418E-06   1.9130178447414228E-09   2.6921868215374160E-08   3.2810764903695019E-06   1.4838002721905500E-07   1.1938931601973734E-06   2.8295731362082606E-07   3.8470801401896428E-08   7.7388232430961231E-08   7.4607308397904041E-07   1.4309797529637548E-08   1.1941447682676723E-08   1.1603506961899761E-07
  2.1054096832346300E-15   2.3415035690915532E-14   1.4173280371732972E-10   3.0254011124622754E-11   7.5904120328611474E-12   9.8200245739162213E-10   2.4468545473672038E-07   1.1700652611942326E-10   1.9700746747433476E-09   6.5850605042933612E-09   1.4091747846200025E-07   2.1450132236377632E-11   1.4838130922385091E-09   7.3101101097253821E-13   6.2634938837311388E-13   1.6581024039320997E-12   4.1598036513006844E-11   1.7169940008270023E-10   1.9438802003016860E-15   6.3681664806769717E-14   6.6100311260296537E-14   1.3914118408897507E-10   1.1424500728556087E-12   4.3055194360565175E-11   2.1920873386913738E-07   5.9404907383710605E-08   2.8018101132667761E-07   7.3912380830318773E-08   2.2460695090452839E-06   2.2321351622160633E-06   8.3856947769005882E-07   4.4267890996304761E-07   3.5171828397329494E-08   2.9634307673347146E-06   1.1708271069610524E-06   7.3437232101456470E-09   1.6907283430896326E-07   6.5158922753199760E-07   4.5532384984260190E-06   2.5796042653455876E-07   1.4522255330223244E-07   1.4184747100862544E-06   2.0162969705468961E-07   2.1253781554169889E-08   3.1687620002410500E-08   2.0601887661228956E-07   6.8093264286471780E-06   1.8041343859844507E-07   3.1865322417473957E-07   2.5278738627982000E-07   1.7560427075450684E-08   4.2634471579079704E-08   2.2732492996939841E-07   5.0994755524307022E-06   9.5118840381702012E-08   1.3055562961434651E-06   5.1038483914701287E-06   5.9308479335275001E-06   6.4959218550478905E-06   7.0055383827873237E-06   1.1120150673876588E-07   2.8631419717852882E-07   9.8858824729224812E-06   9.7748905330176031E-07   6.2159651655891169E-07   7.3993569927971146E-07
  4.5061667815685760E-15   2.7996345144168694E-15   3.0293396600195394E-10   5.5454906304491893E-11   5.1377035499936558E-12   1.1117038605300036E-08   7.1279546501363759E-07   1.7934414400446233E-09   1.8823987805551019E-09   4.0627866705792018E-08   8.0343377884305246E-07   5.4127992667918316E-11   1.3252633705445868E-08   1.8241220632520099E-11   1.9176756938771342E-11   2.7066506140685698E-12   1.0781005184879117E-10   1.5015011967385580E-10   8.4414430693634641E-14   6.5973398500400223E-14   7.8901599610585970E-14   1.2295170671541345E-11   2.2380813163147951E-12   1.0872942565714205E-10   2.3801780586136561E-07   2.8462461712431091E-07   4.8232357601195407E-07   2.2971638419959591E-07   6.2479706418656142E-06   1.6432201404393855E-05   2.2885785948796836E-07   7.2512155374777471E-08   9.1584212134931061E-08   7.1224247932219635E-06   8.1489573074672798E-06   7.1988926833974141E-09   4.3528602401688296E-07   1.8295911550450253E-06   4.6688522710130033E-05   9.0047848810704484E-07   9.0502637579283907E-08   1.2041952979565532E-07   1.1728034348616915E-06   1.3409069474652503E-07   6.2093012931274625E-08   1.0255809088168166E-07   2.1633709632632693E-05   3.9151042150317128E-07   1.5004763793225114E-06   4.5291597092496421E-07   2.6791579448640027E-08   4.7379975594715391E-08   1.4366530635168875E-07   7.5427667434284326E-07   4.8732098788866110E-07   7.2363830013438153E-06   3.0636905800297852E-07   2.5104219597654306E-05   7.7863325534013548E-07   2.2272101305943468E-05   6.3576876143200331E-08   2.0575716487063104E-06   3.4745349033387404E-05   7.6006258724033515E-06   7.0343766833331408E-06   4.2863639605967024E-06
  4.7640527524753803E-18   1.0705364215864749E-15   1.9268204004693706E-11   1.1321512322354171E-14   1.3318061222018947E-12   7.6983834797424691E-16   1.0011621845992999E-09   8.5034650390995387E-14   6.1090270892517522E-11   5.1897419068940463E-12   1.7866454759425620E-10   3.9182748914578596E-13   6.0024600817490968E-13   2.5782226769715268E-14   3.0368104661699867E-14   2.5780451099298634E-15   1.4248396214795448E-13   6.6737620092969224E-15   2.1430816011966678E-16   1.6755939225925492E-17   1.8096365743291137E-16   7.9175252129552219E-13   7.1631097043284878E-14   1.9205480359780076E-13   6.2135541236024502E-09   8.7799566703901393E-11   9.7498654525772567E-10   1.5077799895030631E-09   4.8677386093844231E-09   8.9928927683705279E-09   1.5879911116480045E-08   1.4166482186563233E-08   3.6117668631660673E-11   7.2313655730287350E-09   3.0208240375503949E-09   6.7226595756079905E-11   6.5879244061504701E-10   2.3122541294483307E-09   3.6572251953845232E-09   8.9650151199851268E-10   3.5759472965095230E-09   1.7706183177716742E-08   3.6129465588703546E-10   6.1648760960948898E-11   4.9172589078485932E-11   4.6148357226772285E-09   1.1521603956943403E-08   5.4912431188177585E-10   4.5397626236951977E-10   8.6237975751351652E-11   9.4732015181970991E-10   2.7448932740577168E-15   1.3803840116953202E-08   1.3550279765066808E-07   1.4904953948259973E-10   1.6437520240925242E-09   3.3825673962761967E-08   5.6506096301913662E-09   5.3667275185097953E-08   6.7290737542881735E-09   2.0224314104089363E-10   1.6261321172564326E-09   4.2447011422821559E-08   1.1404671528312993E-09   1.7426560299576381E-10   5.6210069369039716E-09
  9.0978512344018297E-17   1.3774004936044359E-13   2.5049416820131863E-09   2.3647586235738509E-10   7.3443914882290517E-11   4.9275311081015692E-12   5.4726324442367662E-09   9.9393277928141029E-13   1.2054565253243578E-08   6.3556015330617705E-13   9.1549122579518841E-11   1.1618947484992855E-13   1.8574224224053993E-13   8.3044419107538085E-14   5.4672161317594645E-13   1.8754854572060537E-14   1.4172116133946968E-13   4.9663262686968604E-09   3.1273752779439197E-16   2.4452795653322828E-17   8.1652453856738962E-16   6.3581610292773896E-10   8.3647257752983355E-11   1.1196152988178111E-09   2.5916542229261126E-07   1.2573613873241800E-10   7.8917363584432194E-09   3.4339539082868322E-07   1.4767848411603065E-09   5.0266436989859492E-08   3.4944799290461697E-06   1.4333222464545546E-06   3.3221580350767993E-10   1.5091277483474684E-07   2.3902809313360712E-09   1.9847035607300002E-08   3.6428990464707691E-10   2.8205528046717341E-08   2.5349636113064805E-08   1.5678331978094613E-09   4.9180905486070164E-07   9.6783813605116525E-06   1.8999915235437798E-09   2.8811532030386835E-09   4.7796208587442325E-09   4.7793282343406824E-07   6.9587256292919546E-08   5.9561558702541498E-09   7.0190497407287639E-10   6.9386886075095818E-07   1.0333907875252084E-07   2.7244021907155234E-07   1.7697164754961900E-07   3.0619899375872895E-05   1.0594110271844311E-10   3.7489162068453819E-09   4.5341879380803383E-05   2.2759337555657657E-08   2.5433704693382928E-07   2.5198656989005925E-08   2.0681081335710057E-09   7.9515656498484638E-08   1.0332934818929845E-10   5.3274363548637546E-09   7.3848473679221792E-10   2.1509251059646863E-09
  2.4929483216573948E-18   7.3512681884385386E-15   3.9048993958447045E-11   7.8048058944235314E-12   8.7391217359716633E-09   7.6796205282318216E-14   4.8088527501066637E-09   1.3321012193040902E-14   4.9475182775880035E-07   4.0291558387197705E-12   5.9127088011392480E-11   4.4049973157020303E-12   3.3289804828741983E-14   7.1594786005012394E-14   1.1012183101588533E-13   5.4415031186680620E-15   1.0516094396970495E-13   2.3175672895685081E-11   1.6597971502378851E-16   1.1647943253147359E-15   5.3313989062565104E-19   1.3237959118065719E-10   1.4182988824530016E-11   1.3091374289393568E-10   1.0997237765924152E-06   1.3794808878555410E-10   1.2279166552899602E-08   1.1856000215462036E-11   5.4214039673063121E-08   6.8505408046080158E-07   8.7165046429423208E-07   8.4929248647247672E-08   3.5175376282191544E-10   7.1754443253945190E-08   2.5192509223596575E-09   1.9155957067641408E-10   2.1335378920673592E-09   3.7015942859997197E-08   2.7642927347249579E-08   2.1981351196282359E-09   7.2680905334670618E-06   1.9090590483956540E-07   1.7255543171058670E-09   6.4027855655000137E-09   3.9464584464355273E-07   1.4472457168159574E-07   1.0234414273995144E-07   5.6048106293201104E-09   8.6589581242197256E-10   4.8783551732046836E-08   9.5215823227053867E-06   1.4580883161689297E-05   1.3244545114512664E-05   8.9190596978153629E-06   2.3407113952927986E-10   3.1861577995747032E-09   1.3578423717903895E-06   2.5747549443062257E-08   2.2588265945237830E-08   7.1947991350908926E-08   5.1405876628542068E-07   4.7063016736574955E-08   1.0537305311247211E-07   4.4661892569747985E-09   3.0139829816776460E-08   3.8676412936371198E-07
  5.5299631735315700E-15   2.2901383289838415E-15   4.8220978044695866E-12   5.8812571799922049E-13   2.2953213975877080E-13   1.4821907290962334E-11   2.7365676245076024E-09   1.0393465105306096E-12   8.0408028718828595E-11   5.9781246993533673E-11   1.9051987648713877E-09   8.1829542684865501E-13   1.2202565630195130E-11   9.6988364019309538E-14   9.9583631769360995E-14   6.8553638495319527E-13   2.4577827817959584E-13   1.5266365483627215E-11   8.6418434681388203E-14   3.8048508418319758E-14   6.1249544924988344E-14   3.2740819426951394E-12   2.1716312017382395E-13   4.0650936406776366E-12   2.1851447154332637E-09   8.6777166744767858E-10   5.4981055137408823E-09   4.3977302083467956E-10   3.4536017063867834E-08   3.6651662168528469E-08   7.0115086374454256E-09   8.4424961608815086E-09   1.0828152788556387E-09   6.2903500045400891E-08   3.7493788035655035E-08   3.4076294716758219E-10   3.9702612006763912E-09   9.7332567411814293E-09   4.8110819172583831E-07   5.4259241396598708E-09   1.2558088457225896E-09   6.2933174564249996E-09   8.8834098567805417E-09   3.0647962094553245E-10   5.4327744174166598E-10   2.9497440731285798E-09   9.5117490782484148E-08   4.6225592930737855E-09   4.2204157782071262E-09   7.4912915004742187E-09   8.0379578505483669E-10   2.0613297264467642E-10   8.5634636035634089E-09   5.6982893106404514E-08   1.6928828634753660E-09   2.3639839125763148E-08   1.3502999425255655E-08   6.0166180184094778E-08   4.4690614501684514E-08   8.2740650960225309E-08   3.8846643743873982E-09   9.1837449601186112E-09   3.9073673080023778E-07   1.5545906659668011E-08   1.0366035087394940E-08   1.8649496376802977E-08
  1.0311299811167703E-15   4.7358467522308268E-14   1.4695332275529902E-11   6.9773317979723963E-13   1.8878351147540108E-12   1.2703651790695616E-11   2.8063395846283678E-09   2.6503712092255454E-12   4.4530679398465221E-12   2.8990174255110860E-10   2.6652582436951160E-08   2.9275205473541287E-12   1.1607308482457449E-10   1.2410330915960380E-13   4.8585353739481762E-13   3.1029160473666661E-13   1.3973600330870101E-11   2.4237601368398033E-11   3.3494154268789505E-14   8.6482049687590279E-14   1.7719856404340123E-13   3.2679069148815113E-12   2.0484382409164618E-12   5.6065012916163213E-12   5.7591525894652293E-10   1.0510530625354096E-08   6.9437594028102678E-09   3.6199983481017646E-09   7.4469158124598938E-08   4.6617287591222372E-07   3.9609018285560507E-09   1.7579734051394021E-09   1.8555758203756230E-09   1.1010332914468606E-07   4.4657050759628345E-07   9.5113392884425408E-10   1.9460657140162907E-08   2.3530962550331135E-08   2.3249887612232321E-05   4.5886821760288176E-08   3.8180842008092240E-10   3.5774575149862298E-08   4.3924484092304779E-08   4.1588450071856986E-09   2.9208468476778654E-10   7.6689376845173375E-10   5.7450806358210146E-07   1.3543448680273977E-08   5.3250871298040930E-08   1.7570998428955009E-08   1.8989990909790378E-09   4.3257998960697379E-10   6.3411496295040483E-10   7.2056913781270232E-08   1.7952689281181566E-08   2.3779844404918720E-07   1.2376958217663135E-07   1.0470314642926673E-06   1.9390082450639855E-07   3.2321535418508081E-07   4.0909007786812926E-08   4.7553376259921036E-08   6.7893031707644297E-07   3.6941354333946011E-07   6.2075480471867146E-07   7.2384849241461145E-08
  1.1117989463909253E-15   4.5378340070344816E-14   3.3889326139789662E-10   2.6171057018516029E-11   7.4009425290533072E-11   3.5658277397859436E-10   1.9073066173188111E-08   2.0959462405269827E-11   3.9498754147828920E-12   7.8276765065564765E-11   4.5612450709513076E-09   8.7470132321540531E-11   2.7369897293817281E-11   2.1636556491641190E-13   7.1236401615422567E-12   3.0731967549552497E-13   8.0875243874870007E-13   7.5849101256639205E-10   5.4987067909862549E-14   2.3209527460953429E-13   2.1170851576079160E-13   1.7910646726667672E-10   1.0343775936521756E-10   2.9949319908905815E-10   1.0994740625123299E-09   4.1469135649478621E-09   1.7285370513849064E-08   5.7340150262098957E-08   3.4271157642976025E-07   1.4191882689354070E-06   9.3342272345692417E-09   3.3587910076376769E-08   1.2295551397840632E-09   8.4610791708568232E-07   1.7592978091111966E-07   4.2922709331235046E-09   1.6623887870148795E-08   3.4299233001939024E-08   1.8444474521836715E-06   2.4040123645375702E-08   1.7372377087366604E-08   1.8180021414293989E-06   1.4021382284915570E-08   8.6476985337803429E-09   6.5301861187663774E-09   5.0650483606794269E-09   4.1865743283555763E-07   1.1799011087417477E-08   2.2352972935518832E-08   3.6121747993877642E-07   7.3597433490534835E-08   2.0031269138567376E-08   9.0486433054551446E-09   2.2597768631926225E-06   7.2816310570739395E-09   1.1804434767836350E-07   5.4893355733975899E-06   2.5611221797532845E-07   5.8842513832097347E-06   1.4261445275656605E-07   1.9423316042636668E-06   8.5256728969817054E-07   8.9490970559557793E-07   6.6325967901774272E-07   9.6549928444977244E-07   1.5188106667037424E-06
  1.8692306601211279E-14   4.0969049655384286E-13   1.1488411132863337E-07   1.1336838851987146E-09   2.5229800893692517E-09   7.5254548353739725E-09   7.6620349161753999E-07   3.2688658690514494E-09   1.9501030672242637E-10   1.1450268497327396E-08   7.2391445109853598E-08   3.7695001867114687E-09   4.0797045373860086E-09   7.6119742058975907E-11   3.2260991312185904E-10   2.0724877786708209E-12   1.8901083475911482E-11   3.5806954983853309E-08   2.2632988731837604E-13   3.9219832952886720E-13   6.2200585101695780E-13   5.9744430609318031E-09   9.3081038483508994E-10   1.3005885711782110E-08   1.2160133516670303E-06   3.5573448963833451E-08   8.9027126113418274E-07   3.6311380902826826E-06   1.2465344314027094E-05   7.0014227918264717E-05   2.5577095751769640E-06   1.7829041452628333E-06   2.5027489729076400E-08   1.1787249413638291E-05   5.6176731116874439E-07   3.4500783069747624E-08   2.1950776507154054E-07   1.6326581741192383E-06   6.9084038036215783E-06   1.2548533497463085E-07   2.2889131074174545E-07   5.5509360045162074E-05   2.2496198891606596E-07   2.2339464288711306E-07   1.4401205561044544E-07   4.6876275642513485E-07   1.6862877660548965E-05   3.8153883495026532E-07   2.4030047506421264E-07   4.7524849266679028E-06   1.8159618323902809E-06   4.6827878017884643E-07   7.2030582062476803E-08   1.1053624025252777E-04   3.4157206132371396E-08   1.1304073921825944E-06   3.4899759631599618E-04   5.1263295992373419E-06   3.7546287925973920E-04   1.2116559589622748E-05   4.2277749043268223E-05   9.9362590357456851E-05   1.3661002155935343E-04   4.0409352796774141E-06   6.4170307998228732E-06   7.7256128153578780E-05
  7.0570694720744013E-16   1.5869798016843533E-16   1.1277111595624847E-12   3.3083051901762811E-16   1.6677424988424592E-16   1.8843606585860358E-13   4.6148578253525403E-10   9.9498914257245558E-14   3.6984129137957157E-12   9.5927219063457938E-12   6.3947246072015542E-11   2.2358106987017961E-14   3.7508694252350496E-12   2.3208019722420646E-17   1.4900550049986721E-14   1.1218276290717144E-13   1.4822201203090569E-13   3.3780839980180127E-13   1.0838019468354089E-14   1.7956689011183583E-15   8.1113433609485729E-15   7.5863482374881100E-14   2.9421342373272655E-14   4.8152977249132241E-14   8.9007027603568058E-10   1.6191795249166657E-10   1.1719712949568126E-09   1.8164527197489013E-10   5.9191592129120067E-09   3.4311048403331999E-10   5.6241693528700527E-09   5.8214524621238406E-10   6.5450127162254223E-11   9.8981593606408190E-09   3.5747076055585197E-09   4.5790358009948576E-11   9.1626476187895255E-10   2.1919103089026490E-09   4.5459776725520770E-08   1.2135982651279173E-09   4.4362018399958146E-10   6.5742680203528560E-09   1.0616338744565673E-09   3.4635581985221131E-11   1.7057397954593996E-11   6.1021957415444125E-10   1.8727589355799103E-08   6.2828976986113387E-10   6.8732766348522176E-10   7.9815507801249805E-10   1.2954303228509094E-10   8.2203720028236384E-13   2.6163504389974119E-12   1.8899202010455791E-09   2.6566616410568825E-10   3.3308156920921432E-09   1.1470060256416307E-08   1.1184636494718919E-08   2.5520685036217074E-08   1.4030551001802500E-08   1.9958735772840586E-09   6.6639618925718042E-10   9.2104671518543423E-09   1.5317295038705765E-09   9.9852034185741323E-10   1.8534528071967402E-10
  8.7165070974120476E-16   1.4726512317194917E-16   1.7172426994161930E-15   2.4749081526121976E-13   9.0689053727109861E-14   2.1190616135700835E-12   5.7412582845636273E-09   9.2091163808675449E-13   3.9212961888559773E-14   1.7224908490509213E-11   5.0760640212976444E-07   9.3737143131976034E-13   2.0994159787264459E-09   4.5005065075604849E-13   3.6547555218730225E-13   4.5985729542558375E-13   8.9503563326215098E-11   1.1125079059212020E-13   6.6453167014337529E-14   1.0325439938956866E-13   8.3019989365244093E-14   5.0814182879858052E-13   1.5783241770833568E-13   1.2715007228216609E-13   2.7600856177285791E-10   1.5507188081138259E-07   2.2287036964489743E-08   1.4179545609652729E-08   1.7594496042037501E-07   1.6807878267703991E-06   5.0920348505347265E-09   2.8437342343917050E-09   1.0075181989516741E-08   2.5947877151259939E-07   8.1783627893965791E-06   3.7680651892560235E-09   3.6828794641873258E-07   7.2614036639183889E-08   2.1198526978655821E-05   1.0067166826307757E-06   2.2313396781935272E-10   9.7712336404113759E-11   9.6644649900556456E-07   2.4127856191336709E-08   4.7907176015187074E-10   1.8097235865342457E-09   7.3586748972930762E-06   6.8508640081580456E-08   8.0264421081916346E-07   3.6515433632480351E-08   5.7606043895698302E-10   2.1536117778335552E-10   1.6844326711805067E-09   3.0621995571635520E-08   2.6494027070127913E-07   4.3603793643637684E-06   2.3686817709117755E-09   8.5365727750164398E-06   2.5907539099792817E-08   9.0556154762554846E-07   3.8504551793055136E-09   3.4666526667625745E-07   1.4152384571462395E-06   5.3754200158865357E-06   9.3795302173736681E-06   1.4531726880969023E-07
  1.0017411684919409E-17   1.9465056563960355E-15   4.3403171751026774E-11   1.4275236693476415E-12   3.7144897874741871E-12   1.0113035090535699E-11   1.0046989165870559E-09   2.0999163563991917E-12   8.5300477554057715E-14   2.7996170395806735E-16   8.5138665900902636E-10   3.2697171217544255E-12   8.5515532775031969E-13   7.4337000252861095E-14   2.1411620556909465E-13   1.5767243912724730E-14   2.7094154813442518E-13   4.4098627063707677E-11   1.9296803754213130E-15   1.0326704485475508E-14   8.1654947202149567E-15   9.7458685319199401E-12   3.0980250305316454E-12   1.9614922119145879E-11   9.1263186806907346E-10   1.4063312414135526E-09   2.9079042445375184E-09   3.8992026125172672E-10   2.3305958659997508E-08   5.9538236242743836E-07   4.6090035733331442E-09   2.3001139613171988E-09   2.7814332663818210E-10   3.3332565063580518E-08   4.5276496883508205E-08   3.1546966419251927E-10   4.8108443899129709E-09   4.3577059343943698E-09   4.6658170365602969E-07   8.4542229998645367E-09   7.2863366895280207E-10   7.5573214543631125E-08   4.3399161660863816E-09   4.3898597365630051E-09   1.4256248945410102E-10   5.7098376358558500E-10   1.0465468439913247E-07   2.9540824748423540E-09   6.9577513186779098E-09   1.1785849973335134E-08   3.5054689607006590E-09   1.0399252320968456E-09   5.3178566108993359E-10   1.5015863576759715E-07   2.5206279006642107E-09   3.3492820864412260E-08   3.1524927791527177E-07   6.6966845207641855E-08   3.4966468965109632E-07   2.1207839955224610E-08   6.8529616644983576E-08   2.7019858092407394E-12   4.7491067395264513E-08   7.9374047789348772E-07   1.1937464005939218E-06   1.1830366302218919E-08
  1.4247801374962111E-17   4.3177491494198509E-15   2.5128764296089234E-11   9.9881151513652282E-13   4.4085091377072403E-12   2.8668423316380401E-12   1.8834940425141616E-09   4.0044896666773476E-12   3.3574075993735036E-13   9.5131278117025513E-12   4.8096314826281073E-10   5.5474514275603673E-12   1.5506317031175465E-11   3.5629270895795773E-14   4.8516662027926774E-13   3.1707529095475458E-14   2.4567892775724305E-13   1.8012958282669186E-11   6.7601235968373421E-16   2.0945776472762927E-15   2.0553742489639654E-15   6.8709132878245340E-12   2.7472275210657933E-12   1.0802462833801305E-11   1.1474118259457759E-10   2.4949718385098873E-10   2.4044818208339571E-09   3.3596946680948599E-09   2.3063718240247121E-08   1.0536330289565486E-07   8.9370012361913991E-10   9.6477793376944130E-10   3.6838065622668904E-10   1.9692644922999804E-08   1.0671275381713782E-10   1.8743982501860350E-10   1.3950444530182602E-09   3.3265468609984905E-09   1.3505099391050832E-08   2.1951869261884881E-09   5.0815493275502728E-10   6.6884531078581575E-08   5.1694381307652672E-11   8.5304954405970751E-10   1.2800784805057920E-10   3.2373098536869339E-10   5.2734608315335010E-08   1.2318291411702442E-09   1.3976144390278887E-09   1.0988033034023889E-08   3.3270353843387578E-09   9.4100890990974234E-10   1.5558926203464178E-10   1.3008018925331281E-07   2.5547578341666306E-10   4.5005630855242472E-09   2.4652832828148683E-07   2.9987797712623968E-08   3.2776113105724941E-07   2.5877543970477539E-08   7.2538331972329204E-08   7.3670215279906097E-08   1.1030855536352212E-09   1.6329434949312271E-08   3.3579026987868910E-09   1.0260992196036133E-07
  1.7130903695771539E-16   8.3468263726580426E-16   5.8490098390571871E-13   3.6728538273357964E-15   1.3059437859894900E-13   2.8044458165492209E-14   1.7462004381192993E-10   3.9837795718347472E-14   1.6964553311392232E-14   1.1314149574541735E-11   2.2680528238588723E-11   1.1211000721092380E-14   1.2872017947010490E-11   1.2008460555872707E-14   2.1200236974357211E-15   1.0379326199881786E-13   2.0468119247102535E-12   1.0031993516954096E-13   1.8845511334478945E-15   6.1191950431397538E-16   5.2848354256889187E-15   8.3878258480454033E-14   4.8317798402599147E-14   2.0551413602827763E-13   1.5397542267733419E-12   4.2219246058347999E-10   5.8042586024779746E-10   4.7964298194542897E-11   2.4852162170537083E-09   6.5223653803938775E-09   2.6484516085870635E-10   2.6356311928359414E-12   1.3058913579994081E-10   1.1199081654524247E-09   1.2297887066457886E-09   4.8535557002935298E-11   1.3248753697629066E-09   9.3003405372553679E-10   1.4242639074081923E-08   2.0865437957437687E-09   9.0679806289972372E-11   2.2711875667515890E-09   2.0536840748881639E-10   2.9670165030514453E-10   9.7678791716418297E-11   1.7515258274394615E-11   1.6439979482250513E-08   6.5721267090394086E-10   1.7817336313191536E-09   1.0170673189247369E-09   7.5667302218204238E-11   4.8757378497572745E-11   5.4316265597787890E-12   3.5757427327869579E-09   5.2561831347009134E-10   3.5463024608770942E-09   5.5390555197491509E-09   2.0970571379641879E-08   1.4709963973395672E-08   8.8707186367533834E-09   2.9539086629043784E-09   1.1155640535568021E-10   1.0883161961829102E-09   1.0839274008745372E-08   1.3128928254548186E-08   4.0045012623142304E-10
  4.7644503736043955E-10   8.7315026406441494E-15   1.5572607641766466E-14   4.0368766239221366E-14   2.1394116920035969E-13   1.3873727709368535E-12   8.1275453616340677E-12   4.9094595495905199E-10   7.0585114949007344E-14   1.1262074996056828E-10   1.2772490283077082E-08   9.1740982989546764E-13   1.7367348330239828E-07   9.1084351527154471E-09   2.0242040954878973E-11   5.7320820466392198E-07   1.0062175850649927E-08   8.6352934978908418E-13   2.0675697306891133E-07   5.3017592927330646E-08   2.6663909404364640E-07   6.9197879044661689E-14   1.1049182672050748E-14   3.0646535511841663E-14   1.1063882746937080E-08   1.7545894172574727E-04   4.6630561323755994E-07   2.3802344874392764E-08   1.4733432685885053E-09   1.6818530789053245E-06   9.1368055892867062E-10   5.2534562412181955E-09   8.9649540217516728E-06   1.0663685572091656E-07   4.7658114195522326E-06   1.8015964345764370E-08   2.9995890704134581E-09   3.7270327618539769E-09   7.0886633438302106E-07   1.3224801843372814E-07   1.1691072522645621E-10   9.6548884235061977E-10   1.3658605804074762E-04   3.7269237461465824E-04   2.3071381083412256E-10   1.1710519188151044E-09   4.8460321665726602E-08   4.5974995309900461E-07   1.0730246429256596E-05   2.7225150665281612E-08   3.4443058575743609E-10   1.1313726372954719E-10   1.8500923631890464E-10   5.7048019232752901E-09   7.3917639022837893E-04   6.1568920749313730E-06   7.7363040067293487E-10   3.8411899553964528E-06   1.3013465470369789E-09   5.3780192325477909E-07   8.3252032522966467E-09   4.1563715711400300E-07   3.4089837415514058E-09   6.8076527510036095E-06   2.8898961068253294E-05   6.2929200659188732E-07
  2.1076317841291839E-10   4.7016381274264170E-15   1.6455924903326006E-14   1.5220714107713445E-14   1.5137312564226155E-13   8.1047351215366521E-14   7.4803096724787156E-13   6.2933498865728017E-11   3.5822185233859521E-13   1.0237573384408023E-11   8.0076599345311630E-11   2.6263327956587278E-13   3.7482787141403327E-09   2.9441306638354134E-10   2.3303913594062844E-12   1.0786199552734418E-07   5.2835922066836535E-09   6.4824970516379737E-13   8.3659592604108979E-08   3.6001292400094279E-08   3.4482415504882393E-08   3.3698744459710764E-15   2.6457816322237260E-14   4.5227606229789453E-14   3.0635449071253626E-08   1.0344651951229387E-04   8.2783232941263125E-07   1.2384258173480651E-08   1.2383735506363864E-10   2.6627353692817005E-06   2.0997465857917664E-09   3.7193435707084431E-09   3.1699381049407712E-06   2.3578807888979553E-09   1.7501614718663155E-07   3.7394873095369836E-08   1.0810941182288545E-09   9.2385585913520971E-09   8.4746461796762843E-09   1.4800557180385411E-07   2.3990769759902813E-10   7.6721957672175084E-10   4.6482541272525041E-07   3.1900689052947952E-04   8.0829793877277914E-10   1.1650326049108496E-10   8.7490065914503670E-09   1.6449032777669727E-07   1.1539862560418245E-05   1.6258066300360780E-09   1.4767978451411506E-10   4.6771691487706333E-11   1.4069615616065225E-10   1.1344063952683492E-08   1.6367470483338598E-04   2.7589690808877205E-07   4.9319937967053700E-11   4.9763436549348386E-08   1.4868971501434902E-09   2.9464530293077531E-08   1.9104598810113166E-08   1.3526634927591744E-06   4.7339434123415167E-10   1.3382604184202938E-05   1.6008315337654509E-06   1.2445646879393543E-06
  2.2572110835002974E-12   1.3632711705928664E-15   6.8600628461028177E-16   5.9651721595234320E-15   3.2871088486456009E-15   3.0036856602756023E-14   2.7080973225417879E-14   1.0437332240476274E-12   4.1049580015609198E-15   9.4717003550593827E-14   6.4221509931775708E-12   3.6880118767467825E-14   5.1613504206675506E-11   9.6957565500461031E-12   2.5448577511119318E-14   8.1773821119622114E-10   5.5591374181950348E-11   1.6716480715800184E-13   7.4156225738761702E-10   2.5741993651237096E-10   3.2835392433200266E-10   3.6795667118575645E-15   3.4918224579304561E-15   3.9387209239955805E-15   4.6237495884477553E-10   4.4390221744421414E-07   5.5293231794441729E-09   2.0312449295741855E-10   8.5696490575927686E-12   3.5068151012330581E-08   5.6166503358030694E-11   6.5401253390129391E-11   3.7544324299377197E-08   2.3294547905636095E-11   1.1450449947997320E-09   2.9702069550305074E-10   1.5866683949703455E-11   1.2411977653996306E-10   1.1496045559346963E-09   1.1668862821089618E-09   6.1590588906202194E-12   1.3326044641175902E-11   1.5254752349081859E-08   2.2392185109928587E-06   1.8973614789575989E-11   5.2559241631866799E-12   1.0388422762734066E-10   4.7158111441401827E-10   2.4009541426376476E-07   4.1755623143862987E-11   3.3644707583180537E-12   6.6323838743500415E-12   2.7196354431294778E-11   1.8434775020172301E-10   1.0311594201332664E-06   1.7229656815903751E-08   1.6775860177541184E-12   9.1952859544876241E-10   2.7284655626581598E-11   3.7207078366978089E-10   2.5072150637749366E-10   2.2873249453985628E-08   1.0731543174488825E-11   2.5082976374971899E-07   6.6424477182562472E-09   2.6156885900619213E-08
  6.3221152362077373E-10   5.3230831293550474E-16   1.4364252273575613E-15   1.2653635494163248E-15   6.7242087367532372E-17   9.5037713684815987E-13   2.7780254148363961E-12   8.3078302307326922E-10   4.0683676419006345E-16   9.8911185449092724E-12   1.4324570002358032E-08   7.0711793061724484E-13   1.3060101467087727E-07   7.3673090092775493E-09   3.3794047145513410E-11   1.7416049224116699E-06   6.5827459100861846E-10   8.2161985839653179E-16   6.6874482318088740E-07   3.8740076356145504E-09   5.3002802023004886E-07   4.1949729199181232E-15   9.0213127375767926E-16   3.3732208757461672E-16   1.3778082425190579E-08   3.7534322396977213E-04   3.0104589159151238E-06   5.8596249433773327E-09   8.9415354441998706E-11   4.7489468126493789E-08   3.3938174223987225E-10   1.8100629263854410E-09   3.4504181000044170E-05   1.2486759449147934E-07   1.2100891395797605E-06   1.3607713958317206E-07   8.5747175362604614E-09   3.8266733358216975E-08   6.2419368521811570E-07   9.0911345750350043E-07   5.6185396040394820E-13   7.0125945394811626E-10   3.9578726335354309E-05   1.3538431549911257E-04   4.1274548224656611E-10   1.9315732675001056E-09   1.7985078827811752E-08   1.7691001248662154E-07   3.7308571121593529E-05   4.2840454104405755E-08   9.5058859856530738E-11   1.0113540183873031E-12   1.1729125862948898E-10   1.0926452009620612E-09   1.8371963541740542E-03   1.3685496144010179E-05   1.0386797464052239E-09   3.7864120208040196E-06   4.2863932660968119E-10   8.0751351915633699E-07   1.4418534286434692E-08   1.1002229426908636E-07   6.9486054833071311E-10   1.9690996283342132E-06   1.3958383018188676E-06   2.3930414912034273E-07
  9.1570747273965875E-11   1.3624577226040906E-16   7.2940755196408770E-15   3.8514724091027622E-16   5.1064347143533372E-15   8.9964816722653460E-12   8.8243144243468066E-11   1.0359519349381612E-09   1.3665049494344253E-15   1.8033881539445466E-09   3.5464407739322484E-08   4.1673367892528980E-12   2.3533873077406012E-07   2.7811791615333087E-08   5.5532551182065956E-11   2.5237708541045809E-07   7.2033656865470203E-10   7.1501532625234008E-13   4.4071855363802943E-08   2.4357759935574193E-08   7.2700545934776416E-08   4.5097884373673289E-14   2.9559536637712086E-14   6.4800391835640151E-20   1.8566294464653628E-08   5.2579623642999587E-05   4.3638259135641040E-08   1.4192089032980794E-07   2.1918097119330523E-09   2.7409543076899055E-05   8.3106702894137550E-10   1.5591191417826260E-08   2.4497393145912506E-05   3.1109689486502063E-07   4.5810611986367267E-06   8.9619280112950831E-09   9.5735918298053374E-10   4.0354366019945711E-09   1.5984642633393888E-06   2.6230651712696594E-07   5.4982751644874247E-10   9.2624795620907719E-09   2.2165873697742048E-04   1.9141540956952108E-04   1.9925863175400312E-09   1.6723358489840811E-09   1.7013424431258594E-09   1.4684731456513347E-07   3.1800694117840623E-06   7.2034065098680509E-08   5.9367685434351517E-09   1.1569983895482751E-13   6.1975715660242415E-09   4.0651057601878701E-09   3.4934434815598600E-04   2.0072595020486696E-05   4.2206926115357002E-09   1.5465895004271309E-05   5.4045871029643067E-10   1.1385515042752027E-06   5.6943231842664985E-11   5.1449716691906738E-07   4.1591127217538920E-09   1.7804418675008973E-05   3.9902336024237421E-04   4.3533137484293989E-06
  2.6532634777484162E-12   2.7342413330033976E-17   1.0230889002499653E-16   1.2504230055357068E-16   3.9755238741306939E-16   1.8078665814775463E-14   3.7278509894861257E-13   4.7602704498282083E-12   3.1285335314355518E-16   7.4141008851761324E-12   1.7972713321490093E-10   1.1467294286695491E-15   3.4623659836620094E-09   5.1797667703162563E-11   1.9008858256678519E-13   6.7930633236886846E-10   5.0074969894550660E-10   2.3990318963933630E-15   7.2562799794830866E-10   5.1735251660623329E-10   1.0940015602205386E-09   1.0380334534203900E-15   5.8196704494363590E-16   8.2560321026483546E-16   1.2073261505222796E-09   2.1402548647063232E-06   3.1640675135140743E-08   4.9000336040549328E-10   1.3540385365636716E-11   4.5031270287406201E-09   1.5857288751280604E-10   4.3661867899699250E-14   7.4032779075989522E-07   5.7670133236826621E-09   2.3396541595198955E-08   3.0941317259621555E-09   9.4492184913476407E-11   9.9349381712851871E-10   2.0396560447768806E-08   2.0182086220916059E-08   1.3325263375647241E-15   1.9609799618655832E-11   1.9884466689902393E-06   7.3925716057357620E-06   1.5357073152525503E-11   3.2893311702386756E-11   8.4448726954478295E-10   1.0819687169258183E-08   1.4855021037977825E-06   2.0563049971636436E-09   2.4068563971204475E-11   2.5675174383568068E-13   1.2410565761377230E-11   5.0880183725894500E-10   1.3207832262923171E-05   1.0286991380460896E-06   5.0751826092932165E-11   1.0825600981136843E-07   1.1257362948767673E-12   2.5601253270462074E-08   1.9900424858192530E-09   4.6739647104348428E-08   3.1645946109281313E-11   1.2111415192402951E-06   5.1401822562614339E-07   1.6509927843128262E-07
  3.1313689767648524E-11   4.3613757443296558E-15   1.0498461406745277E-14   1.0665149352369345E-14   4.9305931342184165E-16   5.9409384602724460E-14   7.3322709052672841E-13   6.1438706972604870E-11   2.0442923063188841E-14   1.0382261935772410E-11   1.7058826478572838E-10   1.6583210692667495E-13   5.8017863019994791E-10   2.6359196224455207E-10   2.4642628721558589E-12   1.9567465115784846E-08   1.0702956822109265E-09   5.1476006833380381E-13   9.1553616237527372E-09   8.3226358142148714E-09   1.6628515974667503E-09   7.0627779663680958E-15   6.0618744266749947E-15   1.3761925689328643E-14   2.4075971911219209E-08   4.2932311829127835E-05   2.1125390291174458E-07   1.1655612576475788E-08   1.0249205188689084E-10   2.3712502411857567E-06   1.8984564054512879E-09   2.7295541426901814E-09   7.8121634193946978E-07   1.7210505637753464E-10   1.1481733273121571E-07   6.4522723484331053E-09   7.3798733350695665E-10   1.6379409683001486E-09   1.0259047385977943E-08   2.3562167129928733E-08   1.9940500936676392E-10   5.6130367436570069E-10   2.1946294928464448E-07   2.5206915320137374E-04   6.1052124811625814E-10   1.1528788798554279E-10   8.2614962149231386E-09   8.3763159416787076E-08   6.4597030244711503E-06   3.6055984718064328E-10   1.3990627177725050E-10   5.2443989064100640E-11   4.1471322548735754E-11   8.8482163434429289E-09   2.0571513843602745E-05   6.7504513314613174E-07   1.5739157610391974E-11   3.5413522561638160E-09   1.1637293755226155E-09   7.9446452390815828E-09   1.2740331607696082E-08   1.0031503342747479E-06   8.5133260776987257E-11   9.0876974474194736E-06   2.0234889748132687E-06   7.5614024151439032E-07
  1.4164278319874481E-12   7.1014062109695243E-16   1.0704274564051478E-15   6.4881738005703377E-15   1.2891334942278567E-14   1.9462763273161596E-14   3.3324605816528713E-14   1.7320424362737546E-12   9.2650370262986111E-15   3.1258339862725006E-13   4.4583122399360415E-12   2.4400508902841391E-14   5.8574550584029644E-11   2.5239097826689140E-12   1.8016370271942261E-13   9.6813937101429198E-10   9.3254546844542812E-11   9.0831230766762017E-14   2.3937735659910971E-10   1.9784292519845569E-10   4.6040833548494636E-11   3.3621109074263850E-15   1.8031176227510997E-14   2.0316704905944340E-15   5.3486412125511061E-09   4.4046119030268643E-06   3.6225837069659712E-08   2.6597010678195120E-09   2.3422186607875684E-11   4.7573640223479041E-07   3.5905567127416900E-10   4.5633049613157196E-10   6.7452628763266248E-08   4.8936291044067277E-11   3.3687458210838527E-08   1.2533379417425689E-09   3.9458195186910315E-10   3.7479755326464668E-10   5.4832796428595950E-09   3.3183309189298057E-09   6.1689839357603284E-11   1.9580337184163477E-10   2.3180636255833365E-08   3.2463348750595667E-05   1.4088375455932448E-10   1.5310099394544094E-11   1.4469012221168545E-09   1.6018724821905011E-08   8.9199659619929524E-07   5.4107454029738175E-11   5.7940046009555652E-11   1.4447740885312567E-11   7.2595924016489473E-12   1.7547321307307774E-09   1.3725816245821122E-06   1.0278445251467424E-07   7.3541615578228756E-12   3.0162576015923667E-10   1.3735566942101839E-10   1.5934677558139758E-09   2.9437628105263756E-09   2.0775187259049526E-07   1.2622700802374751E-11   1.3804501887111175E-06   3.7957252257490921E-07   1.3668748400618077E-07
  4.0389496395623609E-11   4.5104573668140829E-16   5.9624041956733417E-15   5.9387747873211191E-15   3.0442021684719532E-15   7.7591835278059767E-14   2.4842442697150017E-13   7.3718272802031597E-11   3.1485563055559881E-14   1.3801366790794523E-12   2.5724002862990004E-11   1.4395363305244845E-13   2.2991834780490885E-10   1.2568868427692812E-11   4.7871755801905003E-12   9.2849586882766225E-09   1.7830351619770322E-09   4.5450200299260872E-14   1.3096574651817510E-08   8.1100807076824023E-09   3.9280340498165318E-10   5.1923514049777886E-15   8.6220474990261743E-15   9.6240481465318020E-16   2.4870473777157777E-08   5.8146413397663902E-05   7.7411480799799688E-08   1.0823931534146081E-08   4.4128287389381683E-11   2.5726381360484469E-06   1.6778874617995982E-09   2.7095520284219600E-09   1.4738139272922174E-07   2.9969509097726727E-10   3.3146645657445462E-07   3.6198571770311530E-09   4.2030933991278097E-10   1.5703177594742816E-09   8.3966040238923627E-08   9.7115020665329570E-09   1.9781438298734415E-10   6.4719577755759003E-10   4.6237443759555406E-08   1.5393409320661584E-04   5.9567559446845340E-10   5.8841193942816789E-11   5.6020485828075292E-09   3.0704464892862152E-08   8.2474655778988292E-06   2.7630470467010413E-10   1.7489744328678640E-10   4.0167481498594619E-11   2.2124409241356975E-11   6.9239052313016741E-09   3.0060796479562317E-05   1.5892927709655953E-06   3.4064074381151911E-11   1.8003455996344235E-09   8.7243293118958372E-10   9.1570488918086368E-09   1.3780069456120906E-08   9.6200475671923892E-07   1.6825692820495900E-10   7.0862086093988841E-06   3.4882626740503587E-06   5.3723101385608410E-07
  2.4665066345033234E-11   4.8745594776042426E-16   4.0794137064380760E-15   9.0498294233894678E-15   4.9224535597123067E-15   4.5713900543518354E-14   9.7981664061821892E-13   4.5383670324338639E-10   1.9821289809293203E-14   4.0955008240542641E-12   7.4661356472421186E-11   6.8902098930526049E-13   8.6797118254841901E-10   1.0869359281816155E-09   1.7400720825802903E-11   1.2820631509868548E-09   1.5614334555162048E-09   7.6147914785680804E-14   2.9327623311500474E-09   3.5698394125409274E-09   6.5723671116743290E-10   1.6764295572532525E-14   4.5258383614731541E-15   1.0015373933640981E-15   2.7992177158878500E-08   1.0515300868101283E-04   5.6182512698289115E-08   1.1048559517051243E-08   4.6267939041234525E-11   2.9636983328245328E-06   2.4813062280012011E-09   2.6047260963792993E-09   7.5426292805170735E-07   3.2934171523652331E-10   5.3166808109742348E-07   3.9567871967355525E-10   4.2940902898120382E-10   2.2117756662137899E-10   1.3910443495562835E-07   2.8163218892367505E-09   2.2562372575146558E-10   5.5132035702097082E-10   8.6909770643851357E-08   2.5235979552885792E-04   7.6156890966403293E-10   1.0314956635467417E-10   2.2632478463747542E-08   1.2433145139729951E-07   1.3473652958931314E-05   2.9009970646641647E-10   2.2583931513143922E-10   4.6858472935708470E-11   1.1751128199764152E-10   7.1161766587622034E-09   1.2795052111150447E-04   3.6560224757020198E-06   3.1545825193664182E-11   1.6145305152883578E-09   8.8487528963993433E-10   1.5021498551409217E-08   1.4097375880743746E-08   9.4385292887636136E-07   5.9669236814457014E-10   7.4231615760691322E-06   6.8921241499856032E-06   4.5176455832421952E-07
  2.5580516207436582E-10   9.0411710316909855E-17   2.3152649840793215E-17   6.8346409058249945E-16   6.9424601547835137E-16   7.7514283047789272E-13   1.5800591146164280E-11   9.0639249787371309E-10   6.5847689348717539E-14   1.2515854475146577E-10   2.7024366082525330E-09   1.8903138454277318E-12   1.0462244520051455E-09   1.7086809414416848E-09   4.8483279550384876E-11   7.0624302022006202E-07   8.4902561508628082E-13   2.0976909781425471E-13   2.0099454214171421E-07   2.1660189068071577E-07   3.1844715075518582E-08   3.8487443824891460E-14   8.3506814519750892E-15   9.6807120076656370E-16   1.9721498311725983E-09   2.0244934962827276E-04   6.4608281159728764E-11   1.3921027553698690E-09   1.1495918265971835E-10   2.1923800123503810E-06   3.7326645538960492E-11   2.2261284204124498E-10   1.5554541759940123E-06   4.5664018335461972E-10   9.4700042323947143E-08   4.3801360406333431E-09   2.8403973221329023E-12   2.2665272427484918E-09   3.1428701361293510E-08   5.5129569166256801E-08   2.4823452689461555E-11   3.0198349951391993E-10   5.3275342699960755E-07   9.7552856402011417E-04   3.5418799340555173E-10   1.3824774953790200E-13   5.1917584346166610E-09   6.9351130605978142E-09   5.5199838780873095E-06   4.1346692930518840E-11   3.5542374413544720E-10   2.1441429226107230E-12   6.0556151419457202E-10   7.5480833883513691E-10   4.0457830884551566E-05   1.2244998708315041E-07   4.8958519553214067E-11   1.7879936064960401E-08   3.7418678611801604E-11   1.0436516337712039E-10   1.3092092599399815E-09   1.2732726085391499E-07   4.0098570069085172E-11   1.0553594367127733E-06   1.4636870096196997E-05   9.7493933616829729E-08
  3.8838208772760358E-14   6.8569035559131880E-19   6.5518954583029209E-17   3.4628309858033511E-16   1.9664187789812753E-16   7.1516971190839011E-17   1.3727836862944682E-19   1.0678906575388992E-14   6.9792046603516786E-16   2.4944424529010146E-14   3.9758520932744724E-14   7.7201530482054729E-16   1.3078078748862480E-12   3.9084663969440543E-13   1.5508456480301956E-14   3.5048521642471360E-11   6.0574426087482573E-12   5.7555003421267841E-16   2.7612099270330811E-13   4.1927989971204455E-15   4.0804059689488388E-13   1.5231100998385060E-15   7.5671754985899478E-18   1.0975583324722074E-16   7.2967153339008623E-10   1.9475167057215095E-07   3.5003360960947661E-09   2.4618098642516262E-10   4.8587504709970718E-14   5.7679979536203309E-08   4.7975189380868088E-11   5.1269205193335497E-11   5.6507958866584667E-09   9.0120792792932327E-12   2.8844766677378548E-09   1.4608542729950017E-10   1.2464249184900107E-11   4.9013367745069126E-11   2.0514119998532462E-10   3.7523720562824652E-10   6.6823276176872994E-12   1.6917678154444287E-11   2.1099987304905469E-09   1.8484146570106975E-06   6.3781204506551381E-12   2.5390190343701356E-12   1.5978418594640515E-10   1.3745992433864976E-09   5.3033586845415694E-08   1.6336231011564642E-11   3.9088417667038667E-12   1.5486572513000461E-13   3.4795868710366695E-14   1.5246698583087180E-10   1.3326347401356746E-09   9.4592201777541119E-09   1.1731482704462095E-12   6.5994089832214509E-11   2.2286658372734919E-12   2.3106968809309624E-10   4.7725333427654437E-10   2.8704578294187022E-08   4.9634699247324588E-15   1.5745451162389001E-07   3.1653725702818840E-08   1.8176241927665038E-08
  4.5349021632671714E-18   9.5437120335210213E-17   7.4298094637603776E-17   1.2534415268264607E-16   3.1544713602009596E-16   3.0888998405441539E-16   1.2389078019408811E-15   9.3983709598991008E-13   6.4084249222164507E-15   4.2128688835064438E-13   1.3634841296622982E-12   2.7802471176757811E-17   2.6853314309209982E-12   8.0286114397345979E-14   3.6095120146678755E-15   1.6930743636132211E-10   2.3440561311596823E-11   7.1691585896351796E-15   3.6252047472811937E-11   2.0910767587903475E-11   9.1060951064413355E-12   1.7304054110313749E-16   5.9669230244513829E-16   2.5457618625762612E-17   4.2951531933526915E-10   7.7190241885957240E-08   3.6625333037589316E-09   2.1682147095660617E-10   2.0129910798377356E-12   4.0870254227835560E-08   1.5496654500980496E-11   4.5895073138213922E-11   1.8201749788259815E-09   6.9671982640850920E-12   4.0907107898194735E-09   1.0558905035327911E-10   7.5358082397527005E-11   5.4749788433969231E-11   6.4960650260500673E-10   3.1396973818377275E-10   6.7064586364083398E-12   1.3072431137968106E-11   1.3464251828161038E-09   1.4889224831407129E-06   2.5869317190771710E-14   6.3006207902181689E-13   1.2103432309056097E-11   2.4685268574565173E-09   8.4521809653667335E-09   3.5005465746447644E-12   1.2081889632600840E-12   5.4957975628346649E-14   1.4382501503827554E-12   1.0465994490546737E-10   3.0984416962116741E-08   1.2260641471954214E-08   1.5251174621385088E-13   2.1567691061980706E-12   4.2405154856436763E-12   1.4328327777628943E-10   3.2275800635774298E-10   1.9121169741414355E-08   5.3568915556131441E-13   4.9414921508196171E-08   2.2761658023233071E-08   9.1116779435557368E-09
  2.5720076934220467E-13   2.7678301610518839E-16   2.0255143866806994E-15   5.7720429319922636E-15   4.1269578745950468E-15   1.3096591279205018E-14   5.0993127196982346E-14   8.4689371907280811E-13   1.9413801370613644E-14   3.3941967529141394E-14   2.1855703791762633E-13   7.1731439147555410E-14   4.7287194459732502E-12   2.7489163073662141E-12   1.9189677762365678E-13   3.1153193565914109E-11   1.4385865596672376E-11   3.1906740901501464E-14   7.4922853602333907E-11   5.3798545288411692E-11   4.2931779698884460E-12   5.7518008512860026E-15   8.1251495810097135E-15   1.0577580711151486E-15   6.8570753298710301E-10   4.3137575737848810E-07   5.0844985865120719E-10   2.9108650038614466E-10   1.1114347028147689E-11   5.8520534409482735E-08   4.7963977167945669E-11   5.2762086159281469E-11   6.7394414520597574E-10   4.7103669744998685E-12   5.6682025321921174E-09   1.4094427033967622E-10   4.3625844102743148E-11   1.9607670372866237E-11   1.5200698971710910E-09   2.3023126885805769E-10   1.1709577227412357E-11   2.4007475174249221E-11   5.8885378846177991E-10   1.8111545094518207E-06   4.0067683762533711E-11   7.9417311142075716E-12   9.1396203268653982E-11   6.8307270924884574E-10   1.3430336013827701E-07   2.0477743013203482E-11   1.2530800157624430E-11   7.2909715604149132E-12   1.2158464825161370E-12   1.7907026827202076E-10   3.4649779952099890E-07   2.4831232293534557E-08   2.5899693020519703E-12   4.9991429355283739E-11   6.8872463220339096E-11   1.2132627103102318E-10   2.8649395148117585E-10   2.3091801383158317E-08   1.0695815368741013E-11   1.4254012195907279E-07   7.1390476259711418E-08   1.0983559174879671E-08
  1.0041280373785169E-13   3.9996936463810728E-16   2.4806479704619374E-15   6.5848311173185339E-15   2.7311026713374861E-15   7.0116013750787398E-14   2.8083055748044404E-14   6.9557768947694008E-13   2.3652939866003174E-15   3.3131804477670813E-14   5.4661903358330141E-14   2.0963632087372822E-14   5.2786529442768888E-13   2.0352674944042077E-11   2.7407087211905101E-13   1.5025330551400869E-11   8.0177432929413605E-12   3.9584880669061603E-14   5.9068426839510727E-12   4.9698395423538990E-12   5.6523161364722980E-14   8.6396655960097509E-15   1.2640387413274033E-14   2.1146213160375440E-15   2.8940247256305428E-10   2.2763897456996000E-07   1.1438902461305537E-09   9.3033873707930825E-11   1.0461339767447517E-11   2.4669974548945910E-08   1.1369710770817305E-11   6.8858507113244185E-11   1.3910005366414511E-09   3.9005036050435024E-11   6.5733935392327241E-09   1.0619712369985770E-10   1.0627258807317411E-10   4.9669708107553068E-11   1.5185645170491956E-09   9.4543871028208781E-11   8.4702433225640758E-12   2.1801079267972763E-11   9.6635309338735485E-10   6.2883904040525801E-07   3.1981521806888562E-11   6.1893928341403694E-12   2.5021151982240355E-10   1.5639304397858734E-08   9.7381286787094615E-08   1.2167219261700018E-11   7.0555658227437684E-12   5.0776375529640159E-12   1.0038166118607875E-11   4.8437969684182591E-11   4.6384157661220598E-07   2.0627268536409395E-08   1.8042447671870605E-12   5.4109088036889714E-11   3.2819217967373157E-11   2.2058218092260664E-10   1.3326403924722947E-10   1.1744142596098373E-08   5.0445061329094217E-11   6.3418071032463317E-08   2.1319731740990506E-08   6.4663587112590911E-09
  5.5604403466839775E-15   1.2940169431526578E-15   3.1869695688713442E-15   2.7142212983591633E-15   3.9015702070552966E-15   3.2489877597377124E-15   1.8628897896156305E-14   2.6376414730831718E-13   1.5823239040999521E-14   1.4308756871746042E-14   1.3643786425448853E-13   4.7822609695568973E-14   4.0418055824430355E-13   6.8502491777956725E-13   1.8965434444878623E-13   1.8789983075916425E-12   1.9801171505353387E-11   1.5649416790055511E-13   9.5124491931237064E-13   5.0446962115929768E-13   5.2653702138251421E-13   6.1733426849029509E-15   1.7028009169939556E-14   2.2383637125310792E-15   8.2205104822990320E-11   8.5216302812507061E-08   1.4335671088852430E-09   1.7631029792427796E-11   3.6614427456367016E-12   3.5233620950913617E-09   2.9593462588275904E-11   5.9650239538149536E-12   1.6038769374310513E-09   2.6365398450544071E-11   3.6130990460642122E-09   1.6832606953733660E-10   2.6438587218313772E-11   1.0050151462880727E-10   9.6716119221758884E-10   2.6687577507745979E-10   1.7517621869870429E-12   3.5515760093917241E-12   6.1236940547793261E-10   5.6758432497949272E-08   1.2610857305542415E-11   2.6300053832769734E-12   6.4048541759143151E-11   3.7690529208276391E-10   4.1233658946394260E-08   3.2187716862614465E-11   5.1412752211366584E-12   6.9073854683891563E-12   1.2178739729154547E-11   1.3762391410072087E-11   8.2057655106890620E-08   7.6859512471012997E-09   6.6316381333285491E-13   1.1125418856757250E-10   3.0606423838475429E-11   1.4799128635168595E-10   2.4674371353637639E-11   1.5621391624311766E-09   1.1568212170841474E-11   1.0223717050360066E-08   1.8651270887177425E-09   1.1921826621626912E-09
  4.9601247225439533E-13   3.6433601146846162E-16   2.7457873517417925E-16   2.0883553736847077E-15   4.3312646565207977E-15   9.7626080759147117E-15   1.9744596371697670E-14   3.0115277152485256E-13   2.4838899563548142E-14   9.9862125936521334E-14   1.8907884998889403E-12   4.8425658930307314E-14   2.8673865508447610E-12   1.9629822338781806E-11   3.4661693557289363E-13   6.1923581485710288E-12   5.0981501065206483E-10   4.4160629815391949E-14   6.4221552217751887E-11   1.4288707459901614E-12   6.4362353768981144E-12   1.1348646031930535E-14   2.3278753386946860E-15   7.1151758515600463E-15   7.6449450371780866E-10   4.9823389586224894E-06   4.4056785574479049E-08   1.8832619759483262E-10   2.2307207442280693E-11   5.8833674855759509E-08   1.5233931092605768E-11   4.6068996391075275E-11   5.3317489826039422E-08   2.7202637978395159E-10   1.0912075786805303E-07   1.5092362720383566E-09   8.3227131692456799E-11   7.9105475938435954E-10   2.8610815247275934E-08   4.2753545363287153E-09   2.0545162810473860E-11   5.7109103911015448E-11   1.9781174549109618E-08   1.3816592532869804E-06   1.0196050411351231E-11   6.1142123847270186E-12   1.3167399873113202E-09   1.8196546212790944E-08   1.7737096479052934E-06   9.4092970641640954E-11   3.5953933777851184E-12   4.5088558837565165E-12   8.4317315076147611E-12   2.1881885296745388E-10   3.1131788229329722E-06   2.6521205382364199E-07   7.7555427586379352E-12   1.4400248381795438E-09   1.7327568072929986E-11   2.7338038405222346E-09   6.8931796457492200E-10   2.6716151392522381E-08   8.0799380238802686E-11   1.8029523597969251E-07   3.6125614164929674E-08   2.0092988763580379E-08
  8.8738408591373212E-12   5.5307033995140604E-16   7.8653294771322639E-15   1.4310732667998272E-16   8.8202188620448069E-16   2.1163351257684915E-14   4.0033179344764259E-14   3.1945376346117649E-12   2.5171530306069485E-15   2.2234703679931197E-13   4.2380490257291067E-12   3.0241652817412184E-14   4.3348839150153818E-11   5.2979013942053866E-11   5.1722099248535935E-13   2.8620193500312074E-10   3.0050228304048570E-09   6.1612068046227421E-14   2.9512170295958125E-09   1.2539303713397116E-10   1.3336868967221454E-11   2.9462363639837833E-15   2.8062068973727947E-15   9.3994611558245853E-16   3.9821583481817798E-09   2.0738382965255208E-05   2.6348106467390611E-07   1.4172128113710877E-09   3.9854832351927967E-11   3.2859971294779644E-07   1.4469218372869485E-10   4.5943316229595668E-10   5.5121599749510518E-07   3.4157460348584282E-10   2.5817493002472566E-07   1.1784889290808609E-08   2.2622424417692012E-10   3.8997410043721065E-09   5.3696306992613391E-08   3.8480475439821144E-08   4.8297895468070157E-11   3.5936664602107140E-11   5.7064166078457208E-08   1.0479863701443582E-05   1.5525850167290830E-10   1.0572935653211437E-11   2.9347152236103677E-09   6.7298562286516252E-08   7.1828760663343320E-06   3.8489970776581627E-10   2.4735421390677406E-11   5.5222068309309898E-11   1.0668090666342420E-11   9.8828910217461299E-10   1.8724119484222720E-06   5.5482958905279423E-07   3.3383896838028239E-12   2.7207176913885740E-09   1.3417868674527813E-10   8.0800867215335311E-09   2.2081350683173686E-09   1.5542362299662570E-07   2.4713519654660658E-11   1.0951573303564833E-06   2.1103119651562586E-07   1.0880996324317003E-07
  9.3431007672198377E-13   1.9309465549056395E-16   4.7977913175520687E-16   1.3571464426988101E-15   1.0395475746482183E-15   8.5577947676603661E-15   1.1528348709161995E-14   2.0909396384674282E-13   9.5619170947207491E-16   4.6179570713142344E-14   1.4078267052676685E-12   3.5058038917862342E-14   2.7210213519940849E-12   2.1618227287293026E-11   5.9813793012658786E-14   9.1181363055515985E-12   6.0169123670731478E-10   2.4228900710668659E-14   1.3834888530028695E-10   2.8839251978829123E-12   1.1572779201974316E-11   2.6086154144079475E-15   4.9381590405156432E-16   1.5198304876830496E-15   4.0186737049921012E-10   6.4783822373857764E-06   3.7180761363384732E-08   2.8113951892371416E-10   2.2681994911351219E-11   4.3682648008150100E-08   3.1378669691674043E-11   1.4798261862477692E-10   3.1609687673733275E-08   2.6394806076124185E-10   1.5082838126526651E-07   1.3895261116716668E-09   6.6452106831579315E-11   3.7746393211610941E-10   3.7452591895438561E-08   3.6506300972001829E-09   1.3214454615503147E-11   3.5132742036823592E-11   2.3833084769444983E-08   1.3525116975924154E-06   1.5486879356864623E-11   1.5833526911341456E-11   1.4234138148507140E-09   1.8619841058520401E-08   2.1711940213641554E-06   9.7668768031802093E-11   7.4452058865227390E-12   5.6140263966290548E-12   6.1006989023158858E-12   1.4977767076744363E-10   5.8675999704152232E-06   3.9224189728696303E-07   4.0239608317842759E-12   1.1836911913935989E-09   4.3765506321250362E-11   3.0767622938727435E-09   2.8902940593050981E-10   2.0570068140533486E-08   6.7085337191077766E-11   1.3025222592388855E-07   3.2138193658542909E-08   1.2630782252566136E-08
  2.4134461843544031E-10   2.1551745942666848E-16   3.4262355222932745E-15   1.8753664552168734E-15   1.9272518827431699E-15   4.5541816013140714E-14   9.5765945384236367E-13   6.6173921448439061E-11   4.3880561774847821E-15   3.8522026392652604E-12   1.8676486245030179E-11   6.1291546611200363E-14   8.0292076147738586E-10   2.4707912435628150E-10   3.6677379938011084E-12   4.8301154619851669E-08   3.0347672374987133E-08   4.3567678562152365E-14   1.3975242169369824E-07   6.4791824664413511E-10   4.7066504790786277E-09   5.4427202119359664E-16   7.2420028514513232E-16   1.7897597082642253E-15   4.1783054955094077E-09   1.4554296464217739E-04   1.7866514058660086E-06   2.0004148701645631E-09   5.1917667883441727E-10   4.1485902442856162E-07   4.0220643504807097E-10   4.8540164915354392E-10   5.1320267112148797E-06   9.9350964594872590E-10   9.0478770771670918E-07   7.3112813376839702E-08   1.6457766875805344E-09   1.8503409931444927E-08   1.6791150262189730E-07   2.9735026423358633E-07   3.7327042126556825E-11   1.3435625025694293E-10   2.7763825800932199E-07   1.4381043102922615E-05   1.3489362811031269E-10   9.9549128676776813E-11   1.0963724817908007E-08   3.2020500360956013E-07   3.4326163911769577E-05   1.1307037459991536E-09   5.7111715098291751E-11   1.3641531285018750E-11   1.0406973335530220E-11   1.3889370448271051E-09   5.5447967961256050E-05   1.7962170131774689E-06   5.2681012763526443E-11   6.1764555514538434E-09   2.2142646162532062E-10   3.0430683932727685E-08   2.4993552288050507E-09   1.8879859126694264E-07   1.3298348661565812E-10   1.4390792785528075E-06   2.7899784362646145E-07   1.3380299822358437E-07
  2.4650067362918220E-11   8.2265535246507317E-16   1.0557365716247804E-15   5.9983694259099181E-16   3.0303156504060810E-15   3.6678908307827373E-15   9.1717532643204557E-14   2.6205847852464176E-12   3.6878211229546200E-15   4.8432791947665669E-13   1.3047332889868140E-11   3.0152174104622390E-14   4.1729862447900988E-11   1.7095774816123039E-10   2.5092875393675560E-13   1.9183903281907865E-09   4.6609149308821501E-09   1.2329906113700775E-13   8.4459171538866347E-09   6.0777646801525967E-10   5.0566589317862893E-10   8.2728020211338214E-15   4.4969763245189217E-15   1.1081222086133047E-15   5.9152608486787336E-09   3.9233812330515410E-05   2.1082868183994156E-07   3.4892470303327089E-09   1.2334953143664400E-10   6.8180577232341714E-07   7.4258453730101884E-10   1.0421948931877967E-09   3.6314244034932795E-07   8.5915580681595704E-10   5.1762348982761758E-07   7.5956920256694659E-09   2.5838531303957589E-10   2.3942053523481969E-09   1.2078297517626405E-07   2.4796990203615928E-08   7.7339912514052699E-11   2.2168853430113999E-10   9.3245333063239032E-08   3.0518608356502179E-05   1.3012730748139135E-10   1.5805820471378154E-10   2.2129413268945067E-09   7.4443817213888021E-08   1.0664883687816607E-05   2.5539548485761814E-10   7.3865537964028870E-11   2.2174103143750955E-11   1.6154899546417658E-11   2.1876290703560169E-09   1.1037354214186793E-05   1.4375028603200938E-06   3.8901807863607397E-11   2.7535129066621842E-09   5.1200758632883233E-10   8.7178097307388749E-09   2.9675520787880041E-09   2.9579973078118414E-07   3.3546879653419855E-10   2.1630764349361840E-06   5.9571976165433356E-07   1.9229153160639597E-07
  3.4522237969497826E-10   2.9524529379335800E-15   4.5841052649339506E-15   1.6773660717005665E-14   2.8231522086986670E-14   1.0454748320508296E-13   1.4006604283796641E-12   6.2632095126770633E-11   1.2690200852837640E-15   5.5785973770529918E-12   5.2581790419735561E-11   1.9708336230572002E-13   6.4241341629665945E-10   5.2516393490131893E-10   3.5365965924212959E-12   9.1843829104127679E-08   3.5757837147198470E-08   2.4700582417056800E-13   2.1526601753669085E-07   1.8350154054342555E-08   1.1712753568753295E-09   7.5366753572833327E-15   5.9877602441998316E-15   7.7081949029790727E-15   2.2301587892035974E-08   2.0237505062927361E-04   1.6455658740132163E-06   1.1625629898218705E-08   4.0492794939801671E-10   2.7272253002190548E-06   4.1850490276234788E-09   4.8565080195680323E-09   4.6195835597935580E-06   1.9436095913582241E-09   1.2766435206954645E-06   5.8541577381735948E-08   2.4318371756249433E-09   1.8560682531042986E-08   2.5020128314635157E-07   2.4546591536724182E-07   2.0609776371096753E-10   1.1384217697001529E-09   3.1198112434684355E-07   1.1156303194301895E-04   5.0491134625031561E-10   7.2404138882355654E-10   8.4049372654599747E-09   3.1281369136014761E-07   4.0171809582366253E-05   8.8015604853480647E-10   2.2220582620744512E-10   5.8729894948402669E-11   7.8404755707082253E-11   8.1072762425254030E-09   3.4079954414752894E-05   3.1053097299576023E-06   1.8681811796519609E-10   6.9509048776653351E-09   1.6717580581386973E-09   2.9541335526888484E-08   1.3183131049907310E-08   1.1704613967746523E-06   2.4327358678306745E-10   9.6389669949345279E-06   2.2396114654227297E-06   8.3326908621462747E-07
  9.0306181456600114E-13   2.3108302948459213E-15   1.2124637452081257E-15   1.2556037315335152E-14   2.4422818476532338E-15   3.8746492938743658E-15   3.2177640885658970E-14   2.0659103248491815E-12   2.7375499790811633E-15   1.8809391222362342E-13   4.8886180197102774E-13   2.5555756885723281E-14   3.2958511002869401E-11   9.4155327587956505E-13   2.6296754472702262E-13   8.6615666728387035E-10   4.3159819116968275E-10   2.1587479727545231E-13   1.5818626336720711E-09   3.9486497212256198E-10   7.0929123647671510E-11   2.5633314107543683E-15   5.8823849253470844E-15   1.5926818057926269E-15   4.8121845824833525E-09   2.5383653830376799E-06   1.0233061195852546E-07   2.5214913455715866E-09   2.1584860566039718E-11   5.0823662360718946E-07   5.8248989201679956E-10   7.5843108239715110E-10   2.7622291271999325E-07   1.4273334008868635E-10   3.5231788462803132E-08   4.2417197590107034E-09   2.6385006844418398E-10   1.2865355103584869E-09   4.5613300776440448E-09   1.6472918914576504E-08   4.7324670203529023E-11   1.1899493842559362E-10   2.1112496404852625E-08   1.6407588098598215E-05   1.3581488118461171E-10   9.8916274566512376E-11   7.5016555563286819E-10   1.6952723380031434E-08   2.0157995440193279E-06   7.0519508338379148E-11   5.5113421162076498E-11   1.0533881117767220E-11   1.1171004414857634E-11   1.7622154858530046E-09   6.0750279482154026E-06   3.3735421997787053E-08   2.8525846008854826E-11   9.9736560330212060E-10   3.7068812759565431E-10   1.9498692095928745E-09   2.5798645358940729E-09   2.3780114818281886E-07   5.5774200012440260E-11   1.7607959090523528E-06   3.2496780916916563E-07   1.6914107311036087E-07
  1.3014384831543330E-14   8.8337667463303042E-18   1.0977936857422085E-18   1.4726493997877722E-16   3.0678389131817954E-18   1.8736355673585922E-15   1.3715495548557125E-14   1.7095727653237203E-13   1.2043110222477316E-15   1.8036018469882097E-16   1.0516793641273828E-14   6.1925153918566494E-18   6.6988281167948295E-13   9.1371934994504232E-14   1.0027172796440835E-14   4.2232427254728433E-13   9.5902989884133579E-13   4.3154862866625710E-15   5.2592347878067599E-12   3.5986633116325192E-12   6.9389787595656025E-13   4.8265172539052103E-17   3.6152403595025324E-16   3.2937153549390264E-16   1.9636858965703669E-10   7.6285196623292312E-08   9.2819345031649286E-11   6.4704126411474854E-11   1.5889645783799753E-13   1.4005005009464300E-08   1.1100650693084075E-11   1.2910226345050677E-11   3.5761004545171133E-12   3.0087955293739757E-12   1.0023392623429656E-09   4.2633307273697516E-11   1.0584953905410810E-12   2.7408762044607536E-15   1.9772453557458385E-10   5.2616462942727115E-11   3.9431126089935463E-12   2.0879460552269462E-12   7.8574106381215877E-11   3.4516525718126443E-07   9.3933949489622884E-12   1.8830227489484783E-12   2.2056742484650261E-11   1.5389894645475264E-11   2.1327206652333602E-08   4.2040022043502050E-12   3.4579880576561890E-12   2.7235059774717090E-12   9.9148262838223160E-14   6.1342933124678916E-11   5.1112819304047216E-08   3.7933855379408549E-09   7.0291699527036320E-15   6.4912901302683109E-12   8.4085125862798209E-12   4.4589902536051778E-11   6.1452856467342596E-11   6.7390006741318282E-09   1.4046695431174833E-11   3.6080622412012227E-08   1.1503125809964233E-08   3.2546822245143747E-09
  1.0753973240970503E-14   3.0316989410030211E-19   2.6951834104051438E-17   5.5692521512998853E-16   1.6647595332536176E-16   3.3608806097485573E-16   3.6050679881940564E-15   6.3373320681108881E-12   2.5206910279059883E-17   2.5719519472442373E-14   2.7435654985264005E-15   9.7899645057052048E-14   1.3745977794932946E-13   2.7515966686419359E-10   2.3921881274942922E-13   4.2793776247266884E-12   5.4223271680252284E-11   3.1416349552260351E-16   6.2782766748646640E-13   5.8009080435124580E-16   3.2643204818205232E-13   5.3951781446796108E-16   1.7865427670705057E-16   5.2573737352103575E-18   5.0716995308038297E-10   3.9930194796617274E-07   7.2456078081738860E-09   1.5416446045420601E-10   8.2819501485229870E-13   4.1496325565638131E-08   2.2517150776794446E-11   2.8992171260420566E-11   4.6715129661825932E-09   2.8883958619670761E-11   1.4837279708138230E-08   1.0993779356122954E-12   8.3004360689241002E-11   1.1393261537086849E-14   4.0796288075007869E-09   1.1918061481524161E-10   6.9386440589778758E-12   3.0860925960669348E-12   2.5081806838001145E-09   8.9016283901046980E-07   6.6285731799870559E-12   1.9204377505581375E-12   1.7792331967268308E-10   9.4491021547044548E-08   9.2250439385510449E-08   1.8956207204137567E-11   4.2023417958823509E-12   6.2376213575620490E-13   1.3851493928080695E-13   1.4394941204455686E-10   1.4108609073706111E-06   2.7237056781078852E-08   1.0643621246406674E-14   1.8658226643559850E-10   2.7321970418836630E-12   2.0801419064362659E-10   3.0970266934109303E-10   1.8552478458873280E-08   1.1901859138300594E-12   9.0211104601676387E-08   2.2883544941563940E-08   1.0114838883407038E-08
  1.4200365404342093E-16   2.5474954293401226E-17   2.1752696233847103E-17   1.8730655332692470E-17   1.7854283264725342E-18   6.8354080135053136E-16   3.2086807259277998E-16   4.4826660843683684E-15   1.0422132258193934E-15   1.0182334788853766E-17   5.2593682158551943E-15   4.4955900727692347E-17   1.0601449702288225E-14   2.4623009375318279E-14   1.2365090259788780E-15   1.3569320387271357E-13   2.2621960440168971E-12   3.7413392206527054E-15   7.9239064581255478E-15   2.0774505336878484E-15   1.2963136712169245E-13   3.1561316159756328E-16   1.4838324305988566E-17   1.1215562075459834E-16   6.9238083521150120E-12   7.7750883957472264E-09   7.4842816300480680E-11   3.4137122403807956E-13   2.3386494741087501E-12   2.5729414310872133E-10   1.4575419918419255E-13   5.0696456213840000E-13   3.2440686619408884E-11   5.6902486074820109E-12   3.0290396564290110E-10   1.8234026960341145E-11   8.3031435805946881E-13   8.6912444347030917E-12   1.0045205268284220E-10   1.7225774123323580E-11   8.3059557143462112E-13   2.4339940878370517E-13   6.2754356450189827E-11   2.2701534209828428E-09   6.1605582966385449E-15   8.2481575381763498E-14   9.2683841514585926E-12   3.9241931105252996E-12   2.5692588777764714E-09   3.5482836669751485E-12   9.0974131849038444E-14   8.0808030800271734E-14   2.1004060637079803E-13   1.4597347137976208E-12   6.7353982698276384E-09   7.0007972255276531E-10   6.5081996220772072E-13   1.2106374251185584E-11   2.7185293711774753E-14   2.0186005216246736E-11   3.7873517255122851E-12   9.0690411534982794E-11   7.3097472679804924E-16   7.7215110101334837E-10   1.0684374338763171E-10   1.1143878883742486E-10
  9.5404527464333592E-16   1.5430026399047722E-17   9.9647287093031809E-17   4.2175208187142224E-16   6.8322240496403640E-18   2.1528438286801781E-17   6.2662917944845784E-18   3.7120938279769386E-15   2.2723459178927957E-16   4.4655550007478118E-16   5.7462506978086341E-15   2.3588055901582297E-17   4.1536955613640520E-14   4.9798756777302291E-14   1.7594566896057628E-16   1.2386744353288465E-13   4.1477030718146449E-12   3.6854368335860859E-15   1.4301151030473501E-13   2.8413439482068739E-14   1.0601848085641836E-14   1.1998088176148725E-16   6.2807778121051242E-18   6.8093051398500150E-18   1.5637217261392401E-11   1.1518860008497959E-08   1.1460179419152283E-10   1.5506069966926871E-13   5.7087927310570538E-14   6.7452178756966424E-10   2.2016345600150824E-12   2.1176313906371168E-13   1.1633611392542060E-10   5.2378727646373303E-12   4.1503795601843530E-10   1.8473720771060567E-11   3.3398446563674836E-12   1.4954570190901232E-11   1.1729735377762618E-10   2.6725563796798209E-11   1.8190951188880617E-13   3.7670494193955670E-14   5.7695292182273476E-11   6.6797266907075860E-09   5.6367538975835114E-13   3.1527723843932459E-13   1.2985067632338023E-11   4.4569885882602915E-11   3.2541565305628843E-09   2.5047688345725260E-12   8.7359222364891728E-13   1.9677437845809810E-13   1.3257618088022231E-17   1.7965283260509357E-12   7.0998880916187585E-09   9.2050113779580602E-10   6.7858680784670740E-15   8.7851136006636016E-13   1.0443127341684869E-12   2.4770200693337582E-11   4.5634814258618453E-12   3.2119695731456904E-10   2.4955633776365751E-13   1.8070420198815088E-09   2.8188168894111203E-10   2.4572908071205467E-10
  1.9044221334056510E-13   1.0737967950734437E-18   2.6859753717887351E-17   4.1815434701407670E-17   3.0197858405158200E-18   6.0409658233796040E-16   6.1044870528532244E-15   1.5075624867398973E-13   1.2062530206127294E-15   1.1167638961379324E-14   2.6689139318321693E-13   1.4004117239990033E-15   1.0715238357324068E-12   2.7620360243915601E-12   1.3302326001247588E-14   9.6902035463995074E-13   1.6966486803822888E-10   9.0022543143008023E-17   6.1693555201020941E-11   8.9836534830213079E-13   4.0996391097644023E-13   7.8726421000814383E-18   1.3265112599731904E-16   1.1052015335042033E-17   6.6968377222454887E-10   9.6225518623726954E-07   2.3031521935671256E-08   2.8673151854261116E-10   3.7166535342503551E-12   5.0101258728408381E-08   2.0888444690015266E-11   6.1489977861494629E-11   4.5919043847128873E-08   2.6983884132670115E-11   1.7564719302774037E-08   1.0977022722845310E-09   4.1747971168884926E-11   3.7497597433415134E-10   4.1504670963273296E-09   3.5895618322346638E-09   4.9196024174798643E-12   8.5078538764591847E-12   2.6299674453700701E-09   1.2119450073116417E-06   1.3965517828579050E-11   1.4430730881839964E-13   3.4925215112654211E-10   4.1533299423277933E-09   3.7596507960593141E-07   4.4404866092369922E-11   3.4482170859532861E-12   1.2745247783029377E-12   9.9751896446852078E-15   2.1218047990937443E-10   4.4263466193934910E-08   3.1165584838578317E-08   8.9980802005225837E-14   3.0328558975111717E-10   1.3785278624921894E-11   8.5875898964711667E-10   3.8514845224836296E-10   2.7045693025828520E-08   3.5600372028587025E-13   1.5891717293910374E-07   2.3684704916901795E-08   1.8109268956697651E-08
  7.3846837034191662E-15   4.2345611411268729E-17   2.3267334555977609E-17   2.2825644013374800E-16   4.0323926569110092E-18   8.9477898720756853E-18   3.8786671752311183E-16   1.5781282135725061E-14   2.1799635646628935E-16   1.8834255700398593E-14   9.1421591823445060E-14   9.5757513426193300E-17   3.1573947855093382E-13   3.0978863495357442E-12   7.6671515541034340E-15   1.6902038246290153E-12   3.9343287158260067E-11   3.0913021325651993E-15   4.4304414467580859E-13   1.0711086533040268E-13   9.3976411490801779E-16   4.5730124685185428E-17   4.4970173926100390E-17   3.7661263526000807E-19   8.7047813910783373E-12   1.8733988328768265E-07   1.6763228012001323E-09   1.1280498498697083E-11   1.7480884539009941E-12   1.1989583597132102E-09   9.8775624405032177E-12   2.9304909551979397E-12   8.8978021630073069E-10   1.9989122018867729E-11   7.2303415876996015E-09   3.0862194503719121E-11   2.9765244302210065E-13   8.5618682575378820E-12   2.2704414243479061E-09   9.1481797764301109E-11   1.5945419974821704E-12   1.1853914079025202E-13   5.6751669217183152E-10   3.7702548069834232E-08   9.4073692455039334E-13   2.1533400317226877E-12   1.2700162655440268E-10   1.0730481075626873E-09   6.5909987160458433E-08   6.2001691668513640E-12   1.5599623570883169E-14   2.0630762993346103E-13   9.3903634135731052E-13   3.7135601551508079E-12   2.2354903679921067E-07   2.0522948612454201E-08   3.0155851744843311E-13   3.9910544933565001E-11   1.0749187261675552E-12   1.6157374827006445E-10   2.8197308304030713E-12   5.2387284532377351E-10   9.4517973739619593E-12   3.2162521557630962E-09   1.1860383676216448E-09   2.6705587492288111E-10
  1.6653039250422027E-11   4.1019833651192310E-18   4.5750144244853891E-17   6.8370538581313940E-18   4.8167392141855582E-18   3.8575289397221020E-15   7.5470782234791969E-14   4.9669515107453238E-12   3.2119656679574550E-17   4.1338400681949006E-13   8.2700450947891667E-13   1.0150046790970276E-14   2.6815862893795017E-10   1.0829625529877830E-11   2.5731917714227489E-13   3.1620341612975796E-09   2.7230906673091486E-09   9.4891440456895601E-17   8.3281281340870059E-09   2.2647618607756469E-11   7.0620868478915365E-10   2.5136697393293914E-16   9.5749570506461014E-16   7.6879555776237825E-18   1.7297783939043525E-10   1.5145742891822596E-05   4.0940611608062240E-07   8.4237107760730301E-11   4.9872737546598927E-11   9.6374122290879646E-09   4.4110458494324623E-11   2.8091735753972040E-13   1.0788624807570438E-06   2.1977452047868028E-10   1.1446426406208290E-07   1.8312911992450480E-08   6.2545191578457740E-10   5.3376344682947549E-09   1.3398885523668443E-08   6.8855437165573647E-08   1.6037565128929518E-12   4.4080967327199479E-13   1.1906095090158659E-07   6.5985319445121685E-07   7.7276959797583104E-12   2.3170997252368281E-11   3.2123914500755360E-09   6.6373714632970904E-08   5.4120467977927833E-06   2.9012887179614096E-10   2.0848801050055796E-12   7.6937211829076935E-14   5.0049404395689432E-12   4.4531677177842551E-11   2.4425793096233446E-05   1.1650860672995785E-07   7.7002283288053556E-12   1.8432833904937380E-09   1.2559219458941881E-12   6.7317559011805185E-09   1.8856139358623475E-10   4.9102293743923818E-09   3.4843079498678957E-11   2.6678900657592710E-08   2.8914735716961369E-09   3.2713415767085909E-09
  6.1873063772219664E-13   2.0667025418400982E-17   6.2817244230717914E-17   6.6105567184115072E-17   1.7361282221003141E-19   1.2701697776195595E-15   4.6825834303348216E-15   1.2382030211741356E-13   2.2034531104447621E-17   2.4930574042321809E-14   5.4199913302160036E-13   5.7110245827898121E-16   3.4693304283990366E-12   7.4304449797276987E-12   1.4630449226182626E-14   3.6441699358777394E-11   3.0078777349384293E-10   6.6612327209003694E-16   2.3498971092403698E-10   2.6005396098482670E-11   8.1124104280200586E-12   1.1297224018410685E-16   4.6557441767958407E-17   2.2062666109913478E-17   1.6163035244502917E-09   2.2980871273401545E-06   1.5778328809273978E-08   8.3064226340545872E-10   9.9339965093155916E-12   1.5739310503839425E-07   1.7719588000361332E-10   2.7573134169385022E-10   1.7634681228156066E-08   1.1251803335914847E-10   4.8185538011430773E-08   5.5479169135448570E-10   2.0755364331978322E-11   2.1935059911025135E-10   1.1707137568970605E-08   1.7946033257400278E-09   1.5134607543937816E-11   4.0053286782328873E-11   6.2684196920748959E-09   4.7406292073877621E-06   3.1789812379824421E-11   3.2658491291270723E-11   4.5406710962661094E-10   3.5364631619145555E-09   6.6776003379205707E-07   3.1751149695165648E-11   1.6089017971301451E-11   3.3497001136232416E-12   1.9663991443815285E-12   4.9028463893823570E-10   6.1116542337847995E-07   1.2938108623651956E-07   1.0463186006910403E-11   2.9951366718896927E-10   9.9236398147715781E-11   1.0015193694300018E-09   8.3008808193916696E-10   7.2158013251094524E-08   1.1568848948136858E-11   4.5703454351009745E-07   1.1666201579822395E-07   4.6163881976924127E-08
  1.2627688559485313E-11   1.8515689239479396E-18   3.6457772615947897E-17   5.8309471423724971E-16   4.9720671029134588E-17   3.2078000493277136E-15   7.3305979904053218E-14   8.6407856762784358E-12   6.0695670420066845E-16   2.9014457998294038E-13   2.6482529944302685E-12   6.4375046526341591E-16   7.4188047706318082E-11   1.8950771789032182E-11   2.9184896455652890E-13   3.2187857174576630E-09   1.6843898521141998E-09   1.9463840323384366E-16   5.4506272136322588E-09   1.2486410486597909E-09   7.1387931979108146E-10   4.1042618120588521E-16   5.7896452311734634E-18   1.6574418554483960E-16   7.6663939690708521E-09   1.4195692013497094E-05   3.8568837425867977E-07   4.2144005074827784E-09   2.5992748236919642E-11   8.6086601317604187E-07   1.3140783363182955E-09   1.7747225424514724E-09   1.3133958302518300E-06   4.0635830454136467E-10   5.0611795002103892E-08   1.5726305908208961E-08   6.5305287583158082E-10   4.4921517035413432E-09   2.4888063119609835E-09   6.8003875178626690E-08   6.4193492640023800E-11   3.5594399832977293E-10   6.9695843688774295E-08   2.8010427392947877E-05   1.6116708424585922E-10   2.3795879754046179E-10   1.9387268392554063E-09   4.4057893484887662E-08   4.8320067202493160E-06   3.3104653239535004E-10   7.8497523952779005E-11   2.0496253831231990E-11   4.2262796688484463E-11   3.0986082777381909E-09   3.8823380157690461E-05   9.4153339393842023E-09   6.2329820362314523E-11   3.9189281123839216E-09   6.7592987203216842E-10   6.9513808361146819E-09   4.5749921250160291E-09   4.3125465400833046E-07   9.6355979836853523E-11   3.3750454358844744E-06   4.0542265345104746E-07   3.4799649303697715E-07
  8.4785971294158687E-17   3.4223701401000181E-18   1.7618170580719431E-18   3.6629512153018968E-17   1.9140365959284887E-17   1.1497287359669432E-17   7.7410924278547127E-17   3.6619233328768080E-15   7.9675304651837400E-17   8.5980364996057620E-18   4.7173341108318196E-15   8.5220319550686114E-17   7.0568562447297772E-15   1.2185904052160973E-14   3.1676497369420684E-15   1.9556101204640140E-13   2.6556056135640110E-13   9.3704864121539480E-16   1.7506553109956107E-13   2.5591052076518142E-13   1.9614330442378050E-14   1.4219621371748403E-16   1.4659681387220428E-16   1.8280007940941205E-17   2.1972625246767467E-11   4.6977514391557841E-09   3.6948627485568314E-11   4.4295416826733198E-12   2.0429812626313860E-14   1.5080930020377624E-09   6.1417636180350588E-13   3.9571811404204300E-12   8.5302540053640363E-13   1.4687551437505987E-12   2.8918636556440462E-10   1.6858693907701616E-12   1.3683814406329661E-12   1.8834535754069648E-12   5.5676610030642295E-11   5.0061734253737836E-14   1.3863790906690615E-13   3.0327088887606552E-14   6.6480178524768685E-12   1.9022964783499566E-08   3.0352115055785533E-13   1.8086625066880871E-14   2.5461790058391311E-11   9.7569091645225749E-11   9.9538947518795865E-10   1.4312512639666236E-13   9.7350999759251441E-13   2.9823933598627843E-13   3.2005984683604957E-13   3.8440165567738701E-12   1.2354613689647580E-08   6.2821222945340820E-10   1.4901512131552028E-15   7.5594670457007468E-12   2.8266509054387170E-12   2.4761044945919209E-11   7.9764217164568038E-12   8.5509635022010051E-10   2.1286172169953937E-12   3.3795331531631188E-09   8.8513348626810793E-10   4.5935166205499920E-10
  2.2244642708812490E-15   1.4021548387378969E-15   1.3568865425545498E-14   9.9176254217966609E-15   1.0937981283017698E-13   1.9238503913996341E-11   1.2610889548981490E-10   1.3592057051712690E-11   1.5830152405522370E-12   4.5178284445686653E-09   5.7870787756215124E-08   1.7281524407185090E-13   4.9026746869968718E-08   1.4879722418652954E-11   2.5662131015542327E-13   1.9053636118796426E-11   4.7150111198851611E-09   2.1101395275046544E-13   5.3883846406921970E-12   6.2696973536146746E-13   7.8235206900438863E-12   6.9282661501454508E-14   1.9792857889533113E-14   7.7168749648247256E-15   7.0235903505632734E-09   1.0842978323828749E-08   5.2037615320808947E-09   1.7434747611462569E-09   5.8588731161622380E-10   2.8458494143923947E-07   1.1457022887086730E-09   1.6552030702501124E-09   2.8277068664188235E-07   9.9519296687034059E-09   2.5654844948401505E-06   6.1646432715696484E-10   3.5178882794113825E-08   8.0826410106488908E-10   3.5940502725661967E-06   9.5971201959331934E-08   3.6007258971884513E-11   8.3738937174159789E-11   5.7196123579786899E-06   1.5667747616734322E-07   1.6264520592089614E-10   2.9726752893223376E-10   5.7153699351104980E-07   7.6007085528304181E-08   7.1539979177484618E-08   7.9974935458915880E-10   1.6491235025224325E-10   8.0909653043180529E-11   1.4070979765335960E-09   1.1150137084407749E-08   2.5346066762417901E-08   8.8464753848601315E-07   3.9306805495702976E-11   8.2712063098712962E-07   1.7541732503560878E-09   1.8337359346041923E-08   6.9923321795131250E-09   7.6022862136031119E-07   2.0762303052737606E-08   9.6224451879806644E-06   3.8182222194255706E-05   1.4504725740589909E-06
  2.6520843388705493E-14   8.1614418611112766E-16   1.0603313540441664E-15   1.5638033149504257E-15   1.2628419127033747E-14   1.1708378716063807E-12   1.1008908683602166E-11   3.0769395341782908E-12   5.4830965367285197E-13   4.1570338267124975E-10   3.8831980222000736E-09   3.8729748451876071E-14   1.2122134456524481E-08   2.3523243045346363E-12   2.1353341545531022E-13   1.2715855962886068E-10   9.4379514459838931E-10   4.0074494549892851E-15   4.4331377596265904E-11   8.1549396762606699E-12   4.9376930497967950E-11   1.7148128359740737E-14   2.0330432857263094E-16   8.4035219420131550E-17   1.5662954147562663E-09   2.9205330708309519E-08   8.2466201245502737E-10   5.8030991336626397E-10   3.6487387259513878E-10   2.1401044335413988E-07   1.0548982296311754E-09   2.1083931910336976E-10   3.5996147857969190E-07   8.1731398139938227E-10   1.9550902306707470E-07   7.4401722328432518E-10   6.7457745653238664E-09   3.2034443070348665E-11   5.5406229434398266E-07   5.4376546271189869E-09   6.3011072276685715E-13   1.3646395972906304E-10   1.0569684611950514E-05   3.0760640105615109E-07   8.4633304242862884E-12   8.8228502328825364E-11   8.7145861984771546E-08   1.0557759491374867E-07   3.3097846336628214E-09   2.7339428569215709E-09   1.8717695368119770E-10   6.3542035568013307E-11   1.6147375349432315E-09   7.7232419965525446E-09   4.3792884452892891E-09   1.7058325029453286E-07   1.9768210171267604E-10   6.4622383515065443E-08   6.3393593606893239E-10   1.8936509281540687E-08   3.3390528281042575E-09   3.2668543096520300E-07   2.2686581211506668E-09   7.2037816332351297E-06   5.5423847211161361E-05   1.6898522715795530E-06
  4.4686830780631899E-14   1.7217303631644717E-16   1.4495334945654840E-16   5.1856045993128748E-14   4.2572320529182776E-16   7.1203036196881657E-11   7.7301140802898926E-10   9.1363392872021132E-11   6.0297854604648367E-14   3.2706429059324622E-08   2.6718061287615054E-07   2.1142814472403247E-14   3.9333380283062181E-07   5.4718094370085308E-11   4.1525191785805855E-12   2.7308837801635645E-11   4.1389632741651557E-08   8.8328179645831935E-14   4.1731680932559572E-11   3.0065059664812595E-14   9.8004999379310179E-11   3.8132977212276901E-14   1.7481936996754683E-17   4.6202474402269279E-14   1.7925757343786744E-08   8.8641578726865887E-09   3.3857104676848349E-09   4.6871284790531979E-10   3.4143143297594265E-09   2.0148650868749864E-08   3.0398253957637976E-09   6.1573362804478547E-10   5.1291824533405696E-06   4.7728743263483454E-11   1.7241736494602456E-05   1.0383805429368553E-08   2.9814462002908078E-07   5.4935127143590969E-10   8.8805778138885054E-06   3.9173540403074136E-07   3.1386529708520488E-11   9.3786788905557682E-11   3.6483398449415920E-05   4.3808072867804967E-07   1.3782390525870032E-10   8.3068077635565440E-12   3.5978464277303326E-06   1.2682901736034335E-06   4.1285262353436374E-07   1.7805253440247248E-08   1.2976978202189637E-10   1.1041939054146950E-10   1.3880945573666816E-09   2.0301912903470429E-08   1.6951570640563821E-07   3.2257167317377658E-07   3.0976198143719794E-10   1.6707191824906313E-07   1.3431578835859557E-10   1.1149835066465983E-07   2.4130657187246016E-08   1.3259622716408174E-06   5.3428019926730598E-08   2.0966239152037412E-05   1.0495127895019017E-04   3.0897448403905600E-06
  5.7924563751506524E-13   5.0221390633074654E-16   8.0502872066443764E-16   1.0989861175638284E-15   3.4808252491648687E-15   4.3932474945172477E-15   4.7480142467538651E-14   2.0660218830623195E-13   6.0793849238180739E-15   2.4503998718878933E-13   1.0074121336523402E-11   1.8873627639710560E-14   3.5297495873651852E-10   2.4080873993620634E-12   1.8834801142747502E-14   3.3491605093199758E-10   2.3106237888480942E-11   4.9201527324134607E-14   1.8387065085348900E-10   9.2085008407183504E-12   1.0777464326451329E-10   2.6397191219266511E-15   4.0287440952579284E-15   2.9422611261157116E-15   6.4817767372121363E-11   2.0043074438238545E-08   1.6050400724876770E-08   5.2471180039122105E-11   1.3853522027581981E-11   7.5711730901654456E-09   1.8782569322271798E-11   4.0401220494821960E-11   3.6425671930603126E-08   5.7091426655140056E-11   6.0892001694307547E-09   5.0515969142829691E-10   7.9908170622922912E-12   1.9857861785010540E-10   3.0192223461200830E-10   2.3382827486002722E-09   2.5586147776522658E-12   9.2507274475298047E-12   7.9632264352208118E-08   2.8321535360676898E-07   7.7534151216581426E-13   8.9685903897499992E-12   2.7429196408285265E-10   2.8347683696064102E-09   7.5865935641127816E-08   2.2936694431682586E-11   9.3383389586265190E-13   5.4043018555646772E-13   4.4117471787236786E-13   6.2475957256831605E-11   2.0607103846687338E-06   4.6694496963764813E-09   4.2414230539320883E-12   8.7249344863463957E-10   1.6648024086019864E-11   5.3515711611231909E-10   6.0598754967589979E-11   5.3751295632279325E-09   1.8047092213443902E-11   5.2644020581211659E-08   1.2716837098557814E-09   5.7993447500065639E-09
  2.1851335010000599E-13   1.3277638937034714E-16   5.7328912405962039E-18   6.8897553843104046E-18   4.4104089995174952E-17   3.9033306159350417E-15   2.7847863858716675E-15   3.4389434024516783E-13   3.8008276153776975E-16   9.0214394839792926E-14   1.4971305376499326E-11   2.0212498739957410E-16   2.0828373797688436E-10   2.6998371002728883E-12   1.6810510602698598E-14   3.6778042420758949E-10   1.5757943696464822E-12   1.3851592507347147E-14   1.9747735282726493E-10   2.7254372288265977E-14   9.9515321774153646E-11   2.3890485924457591E-16   8.1021690919752744E-16   1.6100848629859041E-16   1.2582911963633196E-12   2.3541346739650885E-09   7.1391018963427968E-09   1.8546124451751578E-11   1.7196797108438037E-12   7.0450425524222871E-10   1.6698620356276079E-11   1.2718768811176957E-11   6.7440049251911674E-09   2.5237210114880230E-11   7.9847873997648194E-09   2.9366045237115033E-10   2.3588444678214735E-13   1.6709728547532918E-10   3.1462445627546209E-10   1.0219968586020332E-09   7.2168216729851386E-14   1.0339792373596703E-12   1.0034330795333909E-07   1.8885271653770433E-08   3.1849138292444507E-13   5.0026183992257006E-12   1.9802811692492243E-10   1.7364684717462396E-09   2.7856372782541964E-08   1.7985446192104983E-11   1.8422986725436773E-14   1.6006558826314979E-13   3.8018480987173180E-13   1.1460714012811002E-11   8.5232961448150132E-07   2.0883339357593458E-09   1.9202076424389422E-12   2.9472987656793009E-10   4.8456653424070879E-12   1.5285104818991894E-10   1.7666833223142972E-13   4.1311856381916461E-10   2.3591517470001565E-11   5.1764939588815340E-09   6.3496961756816646E-11   5.2470655858455379E-10
  4.5171517788055012E-13   6.7839084905461617E-18   1.0038599670744170E-16   7.7403096572556184E-17   6.6396340920958730E-17   1.4804736412084265E-15   5.9578744684155027E-14   3.5244937529255074E-13   1.2008701599208444E-15   1.1029621013921159E-12   1.3674219041352876E-11   4.8994883207714963E-15   4.0858166538212448E-09   4.6167829230130347E-12   1.1170880673556252E-15   2.7773925325024443E-10   2.4334714493400571E-11   1.8134774081879582E-15   2.0354414337864701E-11   4.1052772301178058E-11   7.9890039598575015E-12   2.3258590838584913E-16   5.9592161345407440E-18   3.9616030061636528E-17   9.9396468702279326E-12   8.0254150895303706E-07   9.7352805419061523E-08   1.5565380056345501E-09   3.2272340069106942E-11   1.4988096529548573E-08   1.1235317498215289E-10   5.7972758233994464E-10   7.2314758723746436E-07   5.2197971092614181E-09   1.0993377430762781E-07   5.3621303158109325E-09   2.6042210979094220E-10   1.3545037542711386E-09   2.5750156604173546E-08   3.0331285465236814E-08   2.7915821948505436E-12   1.1559461191670681E-10   6.8651832410162510E-07   3.1350673656848481E-06   2.3553364386688626E-13   1.9871616746647509E-10   1.2449261034836259E-10   2.9363934065813983E-10   7.8378001709945221E-07   2.0025000455284706E-09   2.3028457486263624E-12   3.8372274893475119E-12   1.3461657138637502E-10   6.2726980210067778E-10   2.4936088745574687E-05   3.9722267224288020E-07   5.5002498030522291E-11   1.1574204046461924E-07   4.1915246930009890E-10   2.5124381916239569E-08   1.2946697328703754E-12   4.2820787599329794E-08   1.8126612509271566E-11   7.0274244198473305E-07   1.8608530346871455E-07   1.0324607854473781E-07
  9.9999999201401835E-01   7.2345046949815910E-16   3.4548188514163763E-13   9.2735200928910401E-13   7.2907078191596217E-13   5.5308365105293231E-10   9.7992882449405356E-09   8.2865394509787171E-07   8.8321908644604460E-13   3.4537116601617794E-08   8.6383135597047150E-07   1.7998018345208938E-09   8.4767449308029709E-06   8.6725456116180409E-06   4.2872035384979919E-08   9.9739000715406945E-01   6.5271466342442259E-04   4.8687852846139912E-11   9.9999389217467693E-01   9.9997230711144824E-01   9.9996914665890146E-01   9.7429581680947682E-12   2.3884227569190213E-12   2.4067557993234396E-13   2.8885876514067714E-06   9.9508843565558180E-01   1.1144328790443671E-03   1.5578710527233794E-06   8.6197435037569954E-07   1.2444218137121816E-05   6.5933117832852268E-07   1.4858876041477680E-07   1.9516764967303620E-05   1.0539906694275720E-08   1.1320020025648633E-03   2.2023214476737947E-05   6.7630197524673798E-08   4.0237743281289324E-06   8.2102626099007838E-05   5.7153883471649936E-05   7.8257605588767339E-09   2.3412415134569373E-08   2.4135956271696533E-04   9.6903844593906974E-01   9.5928793595254139E-09   5.7280930195230142E-08   7.8298132933560967E-06   2.2730158325002519E-04   5.5532739790142527E-01   6.8570039993560482E-08   1.5402522155775224E-08   1.6791555176754745E-10   1.8353818355141558E-09   1.4554631858519977E-06   9.8483080806892620E-01   1.8840751095083277E-05   1.2999191742782813E-08   6.2503982757607958E-06   1.4854267541280335E-07   9.3090478980640027E-06   3.6164922020807702E-07   1.0595008820398797E-05   1.7267592971125783E-06   3.5677837734638716E-05   3.0209944732337521E-05   5.8034620752405872E-06
  3.9793534552757296E-09   1.5957922557101622E-14   1.3098173774672616E-11   1.2734700683772524E-11   4.0536206974428990E-12   1.9456590717832314E-08   4.0807668463027624E-07   2.9643068322681264E-05   6.3403440796566972E-12   2.7431342569221243E-06   3.2601639355437965E-05   9.4768541338914951E-08   2.6944817384553696E-03   2.7335090023736051E-03   8.8724658069618426E-07   2.5003745392301073E-03   9.9363429450829022E-01   1.4217279843299738E-09   2.9250371091326561E-06   2.5882848594856297E-05   2.6552518061817863E-05   2.8222634275121202E-10   6.4291773529523909E-11   2.0871397404150424E-12   1.2699493532243979E-04   7.6790786426799828E-04   2.9283940904589016E-03   7.1278947274080957E-05   1.0106823047096161E-06   3.2099934003930478E-02   2.0151045643435430E-05   3.3047781202921305E-05   5.0936267908154409E-01   2.6009573768064090E-06   2.9815660759966544E-03   5.7356809928043643E-05   3.6107767498873915E-05   1.9088209973570744E-05   9.7053633023425870E-04   8.4736612552637912E-04   1.7682223911353858E-06   5.7980612348245563E-06   2.5100287111969057E-03   1.3084900713432530E-02   4.6792358794030024E-06   9.9413059854438656E-07   8.9059591952922758E-05   2.3757800733403196E-03   4.4005568771365616E-01   8.2434949577002237E-07   1.4818963478584837E-06   1.0342325660660936E-07   2.2016926181654350E-07   6.0895392126389348E-05   3.5503678549822335E-03   5.1091908499634375E-01   2.7910434964539475E-07   9.1820065914777974E-05   7.6714828370409638E-06   7.1015561013982066E-05   1.2472758827976828E-04   1.0142328024635895E-02   6.9719696016780139E-06   3.2110470046967932E-01   1.2529623492387293E-01   9.3960007644464591E-03
  9.8756876245350141E-11   1.3324515264649492E-14   2.6084068549356369E-11   1.7945450792557902E-11   6.4329000283459668E-12   9.5469126522482810E-08   8.7656082020555337E-07   2.8792325371758272E-06   6.1052388630688415E-12   2.9537682511100559E-05   2.6925163831378034E-03   1.9266861951795956E-08   9.9284032988196003E-01   3.4730077782207420E-05   4.4181332410337597E-07   4.2813135435500730E-05   2.7770514683203361E-03   3.9298378673427703E-09   8.4671306403767228E-08   3.2673862964334829E-08   1.1512575318114062E-06   8.8915554689517115E-10   2.1178759012471409E-10   3.3625997439385066E-12   8.4676065143444787E-06   5.9621282093294883E-04   7.6402805518273982E-05   1.2406144343250402E-05   4.0307428019877829E-07   1.1183798965199666E-03   1.0091189154095939E-06   2.7764410949402997E-06   8.7761344828398563E-04   2.5819361387601357E-05   4.9713008082402249E-01   2.0567746490361965E-06   6.2084725018373971E-06   6.5643613123188116E-07   2.0989857470760441E-03   6.1138167483484136E-05   6.1276893063590902E-08   6.0870053587757222E-07   5.7817211003751701E-01   2.5217725894922244E-03   5.4910949684573730E-07   1.0221889766910213E-06   8.8764011917221434E-05   8.6382695382404779E-04   4.5576829656931994E-04   1.5108148563356900E-05   1.8029968069484509E-06   1.7761610508924389E-08   2.7307236599595481E-06   2.5068242815391849E-06   2.4480221768219865E-03   4.8334800285711493E-01   3.4756743410708687E-07   6.8914929106937098E-04   2.3041736202602190E-06   7.4439414160008452E-04   3.6967346679551226E-06   9.3213820166070069E-06   3.1146381155475640E-05   2.3599812646289335E-03   4.9906759202813455E-01   5.9093992848188583E-05
  2.5956284839608745E-12   7.1130506243753181E-13   2.6988506616590929E-10   7.0205361311812476E-10   5.3440885245330485E-11   1.2345326088918644E-06   2.6519302123335638E-05   2.6750413166320601E-05   2.8569649953440627E-10   2.3984140163149223E-03   9.9307560504633463E-01   5.1296586323100777E-08   2.6798953754339212E-03   2.9617075344647754E-06   9.5709757020927155E-07   1.5179272342341455E-06   3.5174273333704194E-05   7.2567340215705403E-08   4.3260991075552778E-09   2.8431137791442908E-09   7.9429540579659751E-10   1.3599576778536182E-08   3.1611583613998510E-09   1.3106515994505842E-10   1.3023475173060299E-04   1.3656973850322714E-05   1.2364945905803809E-04   9.3113742095800799E-05   1.2058917209974056E-05   1.2052129103264525E-01   1.8163227331590674E-05   4.0486195717313997E-05   3.8685578790785739E-05   8.7319926508625716E-04   4.9486935916732361E-01   1.4322712841383016E-05   4.4377613130973143E-05   3.2109237473628468E-06   5.7614183703809230E-01   8.5691062753456523E-04   1.5763763175083136E-06   5.2094726084283916E-06   2.0738513437834577E-03   2.3705626497237312E-04   4.9626756335988074E-06   2.8266243092609414E-06   7.9867386798709145E-04   8.7977185294437944E-05   1.2151050259225371E-03   3.5258419593745559E-05   8.1270917008359250E-07   1.0385024518818051E-07   2.4958190020475073E-07   5.0269322865159131E-05   3.7332144544686161E-04   6.6283128986194880E-04   6.1851530447703288E-07   4.9205793094928429E-01   1.5159173960740037E-05   9.4360572950423114E-04   1.1574108994374611E-04   8.7314416581908451E-03   2.2182863630434518E-04   4.1065347802454931E-02   3.1234777738623865E-01   9.1187590572598687E-04
  1.4839664823849631E-13   9.3418954433592202E-12   4.0796445238402998E-09   1.8296940751157830E-08   1.1976888246992477E-09   3.1280526375619834E-05   2.4213113890911358E-03   2.3017246961919372E-03   9.1175515503107266E-09   9.9274389047324607E-01   2.4305823602606721E-03   2.8379533676225465E-06   2.9782849912758949E-05   2.6700154229156981E-05   2.6731666012010813E-05   5.5680534716812654E-07   3.1696062065062953E-06   1.0291720790616852E-06   9.2017920373004542E-10   9.7336299244897441E-10   1.8946597636895089E-11   2.1821490048310435E-07   5.3330325119278355E-08   9.0770335505905018E-10   1.0463257405423828E-04   1.6288859495729150E-05   1.0545460187194348E-03   2.8060081287569752E-04   7.6036993092492411E-05   4.9958569948678760E-01   2.0584852959863738E-05   3.6240682805799164E-05   9.1015342967600143E-05   9.4762471991223659E-04   1.0550272076152215E-03   1.2608206603542343E-04   8.1468262913969851E-04   8.5468048995500151E-05   1.9391204912876635E-03   1.0232216461055145E-03   4.4579936656827812E-07   2.5356401904152549E-05   8.3422028608384465E-04   1.2008601117143710E-03   5.8936343067818778E-06   2.9847802687958267E-05   4.9275592390156103E-01   8.1270676917916986E-04   7.2826308474552146E-05   8.5924805775663396E-04   4.6067931298142456E-06   9.0578429463794124E-07   1.4504264795659607E-05   2.6369887156844763E-05   8.0128967728255934E-06   7.5566790377585579E-05   7.3175114876833662E-05   5.0048074277161447E-01   4.5659548850727763E-05   4.9407864881666319E-01   7.4018616499529238E-05   5.2686702599458495E-05   2.0601609698093276E-03   3.5482829753623324E-04   1.1490671472582999E-03   1.8482093182968062E-04
  1.8260022580162153E-15   1.0764803801318433E-10   7.2860947376849420E-07   3.0510548076601941E-07   4.9016290083982496E-08   2.7083525165738612E-03   9.9310857443406364E-01   2.6524723772144606E-05   2.8704741809117412E-07   2.3839673222901749E-03   2.6546958418466931E-05   3.3323402223063361E-05   1.1575753300595871E-06   9.4495378565420338E-07   2.8553012025055062E-06   2.7412762577657292E-08   6.6257826538253083E-08   3.1897225265748732E-05   6.6335541789175946E-11   2.4584736683847901E-11   3.2153749029960194E-12   6.0187754367631387E-06   1.7174564168314458E-06   1.2568857252460853E-06   1.5216120680001839E-03   2.2176352353762946E-06   8.6732401229832571E-04   1.4658609604025633E-03   8.7043947881602966E-04   1.4138410501035828E-01   3.2834901507925135E-04   6.4963522279295745E-04   1.0321730132592476E-05   4.8954520881331648E-01   9.2543303433703140E-04   1.0481624622752534E-04   7.1970526827059791E-05   8.9495302749874274E-04   2.1066926120992679E-04   1.1589418051740421E-04   2.4138266052518427E-05   6.2910003106050145E-05   4.2624705408442566E-05   1.1189777178541909E-04   9.2996746498640086E-05   1.5810808631005156E-05   6.8190335086753509E-04   3.9961244404430246E-05   1.7084940126796833E-05   9.2082304098709705E-04   1.2538957613793527E-05   7.8844975379012684E-07   1.7723534054735757E-05   3.0249862930898855E-04   9.5109096354128584E-07   1.3592200420519146E-05   1.3240700881503724E-04   1.0389271569698417E-03   6.5004300292005666E-04   4.9754851284959611E-01   1.7328313375026541E-03   2.6301382854047772E-01   5.8540306321196123E-01   6.2233482534415326E-04   9.7104737636547877E-03   4.7009104379312570E-02
  2.4034241220515771E-12   2.4747306275473102E-12   3.2552744995962712E-09   2.7759483851858169E-09   4.9907156336877601E-10   3.1353746387843955E-06   2.6413738340233329E-05   9.9265527846981050E-01   3.4601860318989033E-10   2.3081112327472219E-03   2.6532067813481778E-05   3.0409442094924362E-05   2.9004992524744615E-06   2.4698443012820671E-03   2.4791477028728911E-03   1.4748072948991185E-06   3.2837524235251838E-05   4.2960811783091666E-07   4.6938121400251177E-09   2.9017272904307413E-09   8.5215034887678779E-10   7.9025624225002121E-08   1.8271852493458782E-08   8.7279748069270203E-11   2.4159825171702265E-04   9.2782160332797441E-06   4.9751276757761065E-01   1.5614494858885006E-04   8.4254154944825725E-05   1.7059369394948753E-01   5.0281849349986761E-05   7.3994364728436848E-05   8.4462446958162357E-04   1.0045969753964338E-04   1.3016124822621671E-04   9.9414008187616591E-04   1.9594899746557906E-03   7.9640868765984819E-04   7.5734527523422341E-04   5.0326409649388348E-01   4.0055611139536211E-06   1.6750025739509401E-05   8.6268292746070205E-05   2.2026749790204282E-04   8.7241094339341332E-06   2.9721226142119318E-06   4.9534001843684089E-01   1.9650893272485236E-03   1.2271635468833163E-03   6.8713151088109760E-05   3.8233036691243444E-06   1.0641756737852061E-07   7.1910206328539176E-07   1.2598405154206564E-04   4.1565211485280215E-04   4.3091745555367922E-05   1.8471902273155197E-06   9.6718567116984471E-04   4.7690266051146485E-05   9.8071232470686200E-04   2.7269472388496301E-04   2.8271545559451123E-02   7.6897266282406390E-04   1.2291264947358292E-01   3.2713784776676406E-02   1.2219790642985061E-01
  1.3224153377830931E-10   9.0693937147260673E-14   1.6264632164530613E-10   1.3186286857357420E-10   6.1778531626465469E-12   6.4283975161889804E-08   9.2061533785801703E-07   2.4310691841637581E-03   3.4094779260777472E-11   2.6866350604255060E-05   2.9476146124346850E-06   1.2295065278687709E-06   3.4116053698354923E-05   9.9298814627054366E-01   2.7537710152299912E-05   4.4348425199434414E-05   2.8051464215776019E-03   2.0732740228425530E-08   1.4101325986454682E-07   4.2773606761135147E-08   1.2447930848381768E-06   4.2106081803101414E-09   9.4753692684026580E-10   1.1587275314897900E-11   1.1691740330589222E-05   2.6646870650230085E-04   4.9349818045850780E-01   5.6692133121619975E-06   1.4924013721673069E-05   5.5478953453585371E-04   1.7301252694322583E-06   3.7348409675579809E-07   4.8536759572329979E-01   1.0910752377467935E-05   7.3641257859063985E-05   9.3600166392100660E-04   2.3203022084189819E-04   4.3393627443870849E-05   6.3292778228048345E-05   1.1489404491812282E-03   1.8608274461645008E-08   4.2034177928976421E-07   8.9618174778683670E-04   5.9799289856873571E-03   2.3252057042665497E-07   7.7081453654221162E-07   7.9604236857984823E-04   5.7547439081489704E-01   4.8803899352721101E-04   7.8367623812438700E-06   1.0031915555623140E-06   4.6830459119904959E-08   1.5197522306108348E-06   4.6607004975901267E-06   2.7503966985997241E-03   8.7466772421404776E-04   1.3019430285441050E-06   1.1509324239999556E-04   9.8705770377026194E-07   8.9866649948192436E-04   1.8597409755703216E-07   3.0168168716119786E-05   4.2393730146633352E-05   4.9829118651956550E-01   3.6950150016515889E-03   6.5843947493560375E-07
  3.0597593392120712E-13   1.1558010909758337E-11   2.7857019390167346E-08   3.4014995458593598E-09   5.6011363006053399E-10   3.5351670818901052E-05   2.9002422150178454E-06   2.4449719162426028E-03   1.2663024297134906E-09   2.7037995027775807E-05   9.2795996146702302E-07   2.7092308305179933E-03   5.2652464963506849E-08   2.7626471832988939E-05   9.9300126855530380E-01   1.0134545876858541E-07   1.3587303203411551E-06   1.1093107005616512E-06   2.6136480304204200E-10   1.7946422349596401E-12   9.3944712170551026E-11   2.4374476279218386E-07   5.3639785208509617E-08   2.7614923330679744E-09   1.0380060690765463E-04   1.0334360344795889E-05   1.0427606065912349E-03   6.5568948238206020E-05   7.6614068454057462E-04   5.5472914676638139E-04   9.9404387911835898E-05   3.3490995387793057E-05   8.7410368456803387E-04   6.5707113621368864E-05   1.8653462769373663E-05   4.9286388521167918E-01   5.7456393952610996E-01   2.1665342991532329E-03   4.5603182290762458E-05   4.8913842740795421E-01   5.1673790568823442E-07   4.0238640964474832E-05   3.0442411043553719E-06   5.3764005228121065E-04   1.5064019337011542E-06   6.0427835283073159E-05   8.5119540778440380E-04   2.3276912329740201E-04   4.2807464299323610E-05   8.8010571850606568E-04   1.0660455558136442E-05   3.7965504554901306E-07   2.4379351894718109E-05   1.0565904125644176E-04   2.3295790541693732E-05   1.0386878637402234E-05   3.4184088231047593E-05   8.9056796442468712E-04   3.0820236150486330E-04   1.1715469406895704E-04   4.0873142289763563E-05   1.8441137297169033E-03   8.8023751304167704E-05   2.8994728607021672E-06   5.0725907215377311E-05   5.0023560200482164E-01
  7.2573048753324228E-16   1.3852015072777630E-10   4.3480181164978296E-07   6.3834148022962503E-07   6.2432708569222698E-08   2.7857002075300295E-03   3.3749427482634372E-05   3.0314717899008081E-05   1.8491648035965331E-08   2.8238395854082901E-06   4.2923679777215627E-07   9.9281278422293795E-01   1.9123382252378550E-08   9.1345283300351087E-07   2.7208903582517756E-03   5.7947634786331090E-09   1.0309702678198677E-07   3.4386724310954197E-05   1.2585552017817475E-11   3.6798217507074056E-13   1.8052052631255340E-12   7.1283646726580929E-06   1.2618959087199078E-06   1.7080611127143259E-06   2.2746662748079452E-04   5.7167365093241259E-07   7.3888455090959971E-04   3.8554957880987845E-04   4.8618102395334478E-01   2.9626395985858429E-02   3.5740627297186484E-04   1.1842000461438229E-04   2.5614878781008221E-05   9.2084322086766906E-04   2.8271564428787204E-06   4.9975700429049896E-01   2.0249117041193586E-03   5.8327199003874974E-01   5.5908435571107676E-06   6.4777299603516539E-04   1.0164777993144787E-05   4.2612256426478260E-04   7.7333703770911191E-07   1.0664540718515380E-05   2.4550731821093553E-06   9.6186790063347539E-05   8.8555564424962343E-05   3.7599945380538966E-05   2.2596527753126057E-05   9.1317602420146410E-04   4.3508915089482282E-06   5.0082654346689681E-07   1.2867069630098202E-05   3.5787284999799551E-04   6.4954137928690505E-06   6.9770524439237898E-07   1.4964020958162359E-05   6.8356594554440546E-05   8.4812443041876553E-04   1.0020560615146503E-04   4.2879872319565910E-04   1.1867206043173098E-01   7.7233840402132911E-04   9.7597431354805170E-03   1.1156796369308150E-02   3.1540650512413898E-01
  6.3350164322912378E-15   1.7131654030118089E-08   5.9950319621275512E-06   6.2255214865834542E-06   2.5534151611318875E-06   9.9360833762013978E-01   2.6572579834331562E-03   2.8107667691463642E-06   1.2014871756711257E-07   2.8732946917742871E-05   8.6460565410449657E-07   2.7101796130513597E-03   8.9381717408415390E-08   4.2466148160915504E-07   3.2910835413668935E-05   1.8757326610471200E-09   2.0420445647697980E-08   1.8993528253281587E-03   4.2156746885234888E-12   9.9562369262411831E-12   4.3359358894453106E-13   4.2169745093671392E-04   1.1590164124997189E-04   3.0501577835601174E-05   6.7338219660498314E-03   2.1512729573673727E-07   6.9428837490137149E-05   1.4781433632225121E-02   5.0622915349959352E-01   4.5114967445172518E-04   8.0590942873201002E-04   3.5267206204886697E-03   2.1501352482040582E-06   5.0341604007270790E-01   3.9988657098206736E-05   1.7557317225604901E-03   8.5041408643389690E-04   2.4025446245897488E-03   3.0774123798988341E-05   8.7183334615446539E-05   1.1456327528431026E-06   3.8394372009318521E-03   1.5241522642372804E-05   5.7387325177034332E-04   1.0648187216800618E-04   1.3704550200850268E-03   8.5149081146344575E-05   6.0023726125718079E-06   1.2488428326364116E-06   5.0246389860768959E-01   1.4973914511085048E-05   6.5622192638051232E-06   9.8545618116789252E-05   6.4009431694858946E-04   5.4203559373508490E-06   4.9305142516521808E-07   1.3089611290168330E-03   7.9856139268019721E-04   1.5754090567770475E-02   1.7780068630072199E-03   5.5736171167219562E-03   5.5062714248352329E-01   2.1686973538896041E-03   8.3000741228273297E-05   1.0359925767745133E-05   9.6981806506926584E-04
  7.3809183677712079E-16   9.9999985925629797E-01   1.2997145415272445E-03   1.3043726547091327E-03   5.2457942427794747E-04   7.6697655444030015E-04   1.4358291519587174E-05   3.9212021375568967E-08   9.5046868575748032E-06   8.9822494735035507E-07   4.6260840244541233E-08   1.4676976934428180E-05   2.0973912743038348E-09   1.2110739871791485E-08   1.1556757108904737E-06   7.5075695415986639E-11   7.0430597551597932E-10   9.9186206267447330E-01   6.3129542306550821E-13   1.5839015035231596E-13   4.1886035182706635E-15   9.9911531482981430E-01   9.9936037570961134E-01   9.9844470187456802E-01   1.4734294346387466E-02   4.2888517802592824E-08   1.4781508396448529E-05   4.2417186907603682E-02   1.4199711915443675E-03   2.4784745024806131E-04   5.9572492434412136E-02   3.7287399399046917E-01   2.4960111922833832E-07   1.2376085938119381E-03   3.1295629705505036E-05   1.7461025005413410E-03   1.3539232276843049E-04   4.9003486497632763E-04   3.9813355860670537E-07   8.8946592483915267E-06   3.1589604417105962E-03   3.7309685208094046E-01   5.7141751803107277E-06   2.2053926056911280E-05   1.0393669294659531E-03   2.5828461358233857E-03   7.2239313627138197E-06   2.3548503710604466E-06   2.9134037362747310E-07   4.9211122708863902E-01   3.4088272363060356E-03   1.8205628395488835E-03   8.8015203325229451E-04   6.0934878446564471E-02   1.6059397504921336E-07   1.0079028866797734E-06   2.5998098320875376E-03   9.5849881483996740E-05   4.2800711209036654E-02   1.7400483630382628E-03   3.9415383558314965E-01   1.5406922963809789E-02   4.0259840727502620E-04   7.3771373532199091E-05   3.2369124705862531E-06   3.5070619447202491E-04
  3.1209907368853260E-16   5.3390881172515753E-08   3.5393265954959515E-06   9.9868093773967381E-01   9.2025173087528936E-07   1.4076540646649474E-06   1.4588371027108267E-07   3.4202712873418691E-09   3.2711559575090575E-08   2.6567360837471191E-08   8.7223785879151700E-10   6.9430919915107646E-07   2.1992921255635024E-11   1.9055716095219043E-10   1.3761968664560479E-07   4.0003278563146873E-12   2.9764036483748728E-11   2.5835317289030690E-03   9.0820009463462648E-15   8.9516008470443129E-13   1.1819789749823408E-14   1.8997642506209884E-04   6.2520411023501358E-05   7.3162268048608406E-04   1.1399201626839045E-03   1.8133372012882690E-08   3.3567096274786782E-08   9.2847118458154609E-01   5.2541203089589868E-06   4.2208523731854067E-06   9.1455133559311363E-01   6.1883463320723997E-01   1.3868427529301422E-08   1.2219242247290239E-04   1.0824840639152080E-06   3.4289415870281517E-06   5.8518804947125619E-08   6.2162336226448962E-06   2.5966001267657587E-08   2.8274909819032669E-07   3.1037295573578668E-04   7.9141303904732086E-04   2.2538782503435675E-07   7.9989483553292815E-06   1.7771012548589927E-05   9.9363765152673400E-01   2.0689681974185510E-07   1.1494341360349681E-08   3.7345340635689810E-09   1.2050518735987937E-04   6.0414935066964520E-05   6.5685251939199407E-05   3.3193944966869361E-05   1.1460542844257264E-02   3.6683166491893690E-08   1.8962729672423013E-08   5.8655347475968748E-04   5.2954399686384522E-06   3.9998733732883526E-03   2.8950876120416486E-05   1.2531416878047100E-03   3.0018068829970623E-04   3.3287867768417150E-06   2.5927475407778637E-06   2.1221453010379398E-07   6.3581491915515900E-06
  4.2160820247521778E-16   5.3087115593396427E-08   9.9868532282065481E-01   3.5314139797921996E-06   8.7380813231412679E-07   1.5788296543021534E-06   9.2271808549628797E-07   3.5917942412778227E-09   4.4947264342317667E-07   1.6439784839066392E-07   3.3424433935376491E-09   1.7197339920982170E-07   2.9043560553976544E-10   1.9505108784546741E-10   4.1083379283627583E-08   3.6398871040371157E-12   3.4389289143375817E-11   2.5479508171188554E-03   3.7582786490227228E-14   1.6972813986579485E-13   1.5563815409942300E-15   1.7599947857549421E-04   6.1542639712372499E-05   7.6830670138042809E-04   1.7488379009582651E-03   4.7973420835432580E-09   1.3260171567812797E-07   3.4994835142613525E-03   1.7897992431029723E-04   2.9901807496371713E-06   1.2232376735545969E-02   7.8856465814053616E-04   9.7736622375825857E-09   9.7973660924082189E-06   1.6508440231587598E-08   4.4092623735111931E-05   8.1183984166943445E-06   1.3046553882966246E-05   3.9590061576180625E-08   7.7050280007781879E-08   1.5937511918143506E-05   6.1873716052490912E-01   6.2713293633259627E-09   3.2187108123377760E-06   1.1978659853394086E-05   5.9395349465971004E-04   1.6805621426409221E-07   1.7211828005504286E-07   1.0507428780590731E-09   1.3306781204278748E-04   2.9828645672125867E-04   1.8532594502612207E-05   4.6662186137195511E-06   9.1265922288267010E-01   2.3925853317875704E-08   1.2990883082375980E-08   9.9396279887006067E-01   1.1131444743131129E-07   9.2860494137378669E-01   3.2125543141154184E-06   1.2121670422106914E-03   5.3387521676092497E-05   9.3601967971182559E-06   2.4438392212177089E-07   3.4100362685500858E-07   1.0000394595480450E-06
  4.8731510159446183E-16   1.6097687423771959E-08   1.4175347000237240E-06   1.2544311814625917E-06   9.9701974949574301E-01   7.0332903349466711E-07   4.5311128810155411E-08   2.3314189204332945E-09   1.0084330083486612E-03   1.5714363866850650E-08   4.7181422957995569E-10   9.7790707234327272E-08   2.3146883482723234E-11   1.6125972019027640E-10   3.2879309753022754E-08   2.6975304585097627E-12   1.5968533244316082E-11   9.5653478897876924E-04   1.2751243814439139E-14   1.1885801544972817E-12   2.2822926911869249E-14   7.7555203685457822E-05   3.7902075244805529E-04   1.8033733196133129E-05   9.6226988124115098E-01   9.9518167399486656E-10   1.7080075027620780E-07   6.1404978795702309E-03   8.0730263918526456E-06   2.3363598635086346E-05   9.6047076248474139E-03   1.6313781542174059E-03   1.3835500981928586E-08   6.1698826244580124E-05   1.0329458734378031E-06   1.4021537497901998E-05   9.1831601305383225E-07   2.7993629233953854E-06   2.4717062415961188E-09   4.0748981146635332E-07   5.9937347135215513E-01   1.5452269158175934E-03   2.0386836928521844E-07   2.0480577956573561E-05   5.1841193454208226E-04   5.6532879982394029E-04   2.6596225028560229E-07   8.1260734296124972E-08   6.0734479115142289E-09   3.4394909149354990E-04   6.3898308244168889E-01   6.3191701574147059E-04   6.4583192307939171E-04   1.0852523966535840E-02   2.4698018156697360E-07   3.2792879309253382E-08   5.7945460444331286E-04   4.3031465434703221E-06   5.2254655491384538E-03   2.7931833236969288E-05   5.9065598334750069E-01   8.5674085150522694E-04   1.6125079715980963E-06   8.4204768492695965E-06   1.0845841188952246E-06   1.5005360571525067E-05
  5.8743619449014772E-17   2.6934147504753184E-10   3.4940518434852288E-07   3.4584508905394680E-07   1.1168414775968988E-03   1.3117973241656664E-07   5.9686159390236619E-09   2.8796879874658011E-10   9.9413289619756939E-01   5.2216213343412158E-09   3.3761042648683018E-10   3.9202625925130765E-09   1.3686319283541099E-11   5.5954336009115356E-11   3.4286148372793747E-09   4.1161237204019717E-13   3.1359228217764305E-12   2.9368243571566105E-05   4.4941622339246572E-15   1.2471555129868745E-13   8.8765169102240159E-15   2.4373757249341522E-06   7.8921617833670426E-06   1.3129169875607854E-06   4.2214099643609372E-03   1.2345981350470477E-09   2.3111751151819378E-08   6.0748366329471833E-04   1.1667163552261159E-07   8.9239206121536950E-06   1.1879664555312875E-03   9.0010003395652328E-04   5.5880286999763900E-09   1.6167708663043477E-06   3.1971954781376587E-08   6.0302082724830076E-07   4.9395334690186811E-08   3.6638789336255500E-07   1.4667342130576823E-09   1.2980704424810717E-07   3.9695255870767643E-01   6.8832822812096189E-05   5.7411437442100081E-09   9.0813162232661376E-07   5.7659926559593710E-01   1.7621857821667899E-05   3.1937950787087110E-07   2.7688077188526556E-08   5.0397279182247771E-10   1.6827153673742003E-04   1.0924198662524971E-03   5.6781273558550927E-01   5.6835812999688451E-01   5.2076997709527646E-04   1.1670037674775235E-08   9.6868200619187767E-10   4.5905605277266955E-05   8.2836711034122947E-08   1.3460697434114220E-04   1.4940021980539989E-06   1.8674290836826779E-03   2.4836368072990206E-04   8.7227121157179273E-07   4.6232024552237388E-06   5.9051430437217229E-06   4.8895513948334647E-05
  6.9869416789973575E-11   9.7030475116839556E-15   1.5482900121866747E-12   2.8338856239609889E-12   1.1043067451078107E-13   3.9543328012687524E-09   7.3911878257409052E-08   8.4871432953290317E-08   9.7689173040123220E-13   1.3737141266421527E-06   2.3846578459878158E-05   1.1989944337680568E-09   1.6812270708490517E-03   1.5564506507949650E-06   2.4830951602721454E-08   4.1011468010609477E-06   2.7641861486180866E-05   2.2734815117991692E-10   7.1256791591253585E-08   4.4962745575237313E-09   2.2273865352731650E-07   3.3432109516315350E-11   7.7714406902441986E-12   3.0969749832068042E-14   8.2677525466838913E-07   1.3014140553442016E-04   3.0506207777258217E-05   2.4160932185352022E-06   1.2536962066474647E-06   8.9307616570097436E-09   2.0060839490556628E-07   8.6669911340547717E-07   1.7597098804579823E-03   2.3639731545063450E-05   7.9830443252120462E-04   5.6261892358557701E-07   2.8895797065740873E-06   4.7792159918394755E-08   3.5013287317573919E-04   8.8726557900696893E-06   3.7471286138361625E-09   1.6042089458897517E-07   4.1411042142700716E-01   5.1907468171767826E-08   2.9306458681712225E-08   2.2067490884551260E-07   1.5859711783470087E-05   9.3570198443693322E-05   3.4656714265414895E-04   4.1640965145139918E-06   7.6407564442185984E-10   1.6317299506058160E-09   3.3687975171345837E-08   1.6196122217532951E-08   3.5089369924620073E-05   3.5556979276242561E-04   1.0830659709532611E-07   1.9092716037594007E-03   3.1390941936377751E-07   4.0325532743163783E-05   9.6656521526099596E-07   8.6304349912705594E-08   7.1752158790672545E-07   2.2377554999159687E-06   1.2352925131604449E-10   1.9042545823107075E-07
  2.3166288672208176E-13   8.7827725218492259E-14   1.0449120083854633E-11   2.8197452486623433E-13   2.8855522236913199E-12   3.6752202263086339E-07   5.4202538663007746E-07   1.1154242458911057E-06   2.0623477450097114E-13   2.1387440987074968E-05   1.6824875032214232E-03   9.3577487293682150E-09   2.3402268913861760E-05   7.9743457438674901E-08   7.2313643114365525E-08   1.0762015662864446E-07   1.6693581864608952E-06   6.7973046309289150E-09   2.0501650986904241E-10   5.3372937965190355E-13   1.5153662451019038E-11   1.6893494542487392E-09   3.5260731688823855E-10   5.5480926143968895E-11   9.3241074726031523E-07   2.7572243686344750E-05   2.0175146484961502E-05   2.7260480834402490E-06   5.3975360959748152E-06   1.1685763252940517E-08   1.8175607442455137E-07   4.8564757557637072E-07   8.1765274194061337E-06   2.6364069298501952E-05   6.4935964381107082E-04   3.9592465812552337E-07   3.2533396617778566E-05   1.4239245780546180E-06   4.1703609553987148E-01   6.9365584959343128E-05   1.5920132148824753E-09   4.3095475501752317E-07   3.4239322884614508E-04   7.9589186508312689E-08   5.3425957939271812E-08   1.6773356777821454E-07   2.0846656246987366E-03   5.4796843403437579E-06   7.9655684795606636E-05   7.9854671895019851E-06   1.4315907359872724E-09   1.0822554046353259E-09   6.0378648428702983E-08   3.8269614831013122E-07   2.4824904967289933E-05   1.7945610179556791E-03   7.0202048902648959E-07   2.9889396350702568E-04   6.4186371120631374E-07   2.4921768466842800E-04   9.6464458279776420E-07   4.7594383458954389E-08   2.5504751889173239E-05   3.2030477221783885E-07   1.1459444142532129E-07   1.0851597166699883E-07
  2.3287861590871187E-15   2.0243076324595718E-12   1.0977374781849720E-06   1.4531446443989332E-07   4.5933224892159202E-09   2.6405547560848577E-05   1.7013413855278693E-03   1.1331260474198318E-06   1.7240986305483403E-07   2.1201368999958602E-05   5.7591728576136529E-07   1.4178168684811651E-06   3.7713057337980434E-07   7.3219856052423157E-08   8.6592001633678876E-08   1.8290429803217803E-09   1.0743515425633375E-08   3.5770638375738106E-06   4.9409737856224639E-12   1.2597501853476557E-15   6.3135229120088905E-14   2.3303742786913369E-07   1.0997999652444514E-07   2.9783858064693916E-07   2.0648685027798662E-05   3.2188972848105958E-09   5.5281539976896795E-05   5.0933188161708682E-05   1.8227898976518585E-03   1.7890095501421162E-07   5.3486226072978448E-07   1.0322651967230117E-04   8.7017750371710314E-07   6.2236833332754134E-04   3.4288381853333283E-05   2.0165762857475653E-05   7.3175953349623025E-06   9.1966943660748630E-05   3.3008691441479017E-05   8.3832344587350915E-06   1.9508317689896166E-06   1.1497943227721876E-06   1.3474317237601951E-05   6.7254527470807324E-10   2.1724901128825135E-07   1.4635258354794558E-05   2.0423933943867927E-03   3.1298747630200415E-05   2.0672692342607081E-07   3.1172744420815998E-04   3.5199823650001170E-08   3.7284493903866443E-08   9.8197674553771802E-07   5.9965138428530438E-05   5.5008063375243057E-07   5.4980948751882125E-06   1.0579303211572311E-04   2.9558765450294499E-04   6.4250909027082335E-04   4.6383940943795583E-04   1.0842780271974435E-04   1.7352230828349385E-08   4.0763222763150869E-01   3.8073268890750920E-10   4.2492957685355514E-09   4.7194584945014671E-09
  9.8932418892516573E-11   1.3450893889364240E-14   1.8108266452046198E-11   8.9893452503381904E-12   8.7994658949861402E-14   1.0505718853193134E-08   7.1790528835694874E-08   2.1514539180718696E-05   1.3048540218840839E-12   1.1378424652098938E-06   9.0692385922045639E-08   3.9886052751075496E-07   1.5151204298594318E-06   1.7013767500620289E-03   5.6737242506413986E-07   4.4666564559491013E-06   2.7814441992887628E-05   1.4200581138449673E-09   1.0527188146831236E-07   4.0373326154507381E-09   2.4754681444366072E-07   2.7172786484220801E-10   5.8703396575500284E-11   7.8391465459166110E-13   3.0846140780490795E-08   1.6225951368832475E-04   4.5777041218086927E-04   2.2193568335260946E-07   6.1845795019380645E-06   6.8518649187711388E-07   1.6796044298075588E-07   2.1621503473826261E-09   4.6866151160022360E-04   1.0724512611383349E-06   2.9941402381985408E-05   3.7535382254527665E-05   3.1013669819268318E-05   1.4718671335388466E-05   5.2599420393270165E-06   3.1462131614016408E-04   3.6536430336304634E-10   1.3300846374641440E-08   8.9292906564653735E-05   8.0164454540270504E-09   5.8190150837289542E-09   2.4461474731474517E-08   2.0177461654445313E-03   4.1671935656524500E-01   3.4980689467818552E-04   4.4487850644583948E-07   4.0569311172573665E-09   9.1126794675932392E-11   2.6151342093899184E-08   1.9688637188219826E-07   9.7165540427507408E-06   1.6790607638419199E-03   1.2075186909471620E-07   8.3178374422165519E-06   7.8793587519744075E-07   5.5282661100993668E-05   9.0030922115834130E-09   2.6055702523595967E-07   3.0478812136289343E-05   1.4918953549665889E-07   5.1482386347334465E-07   3.8693126447530266E-07
  1.3460045401997169E-13   5.8382590871156915E-13   9.4258848890882681E-10   2.5542780353286874E-10   1.3423414864556031E-11   1.6344337589724654E-06   7.9340867653253001E-08   2.1532474816066493E-05   9.9598711485085888E-11   1.1476451283027017E-06   7.1536857459221835E-08   2.3497342113436632E-05   9.6374101615062492E-09   5.5560101892745673E-07   1.6785405388192898E-03   1.0037587105777295E-08   4.2158844914611190E-07   8.1472317453458124E-08   7.3874984337572896E-14   4.6210911601408521E-13   3.3264024816756902E-11   1.5714274163857606E-08   3.4029613659950794E-09   3.4537293779708322E-11   7.0659864611629239E-06   2.1158658863319489E-07   2.7241854133324420E-04   1.2199475209378661E-05   1.8227886172085292E-03   2.1269033932100530E-08   2.4046115690032981E-08   3.0769370067632757E-06   2.9682654691640085E-05   1.1766751385205234E-05   4.7298616076668901E-07   6.3730023719079602E-04   4.1861165628292318E-01   3.5500953217340765E-04   3.0160460306620812E-05   2.8539660825056319E-04   8.2069411637370254E-09   2.7076952162724327E-05   1.4391318750726386E-06   2.6958541887153969E-08   1.4950671664813624E-07   3.7180509661329118E-07   2.0624046967411234E-03   2.8793439573045573E-05   9.1139902029806551E-06   6.6208032214978312E-05   2.9467917033686641E-09   1.1069941032100222E-09   1.1737716871803615E-08   1.2072505839474437E-06   6.0778069391105670E-06   4.7481683090429597E-06   3.5201494338044933E-06   6.4775934899001031E-05   4.5629103387265173E-05   1.3440278618189020E-05   1.2535434429644059E-05   3.2315206054943264E-10   5.2211738110211403E-06   2.6614276175416710E-08   2.7001703573284846E-08   5.6539842829508313E-07
  4.2872180435346102E-15   8.2932246571971779E-13   2.7552783995314683E-07   6.1639532515205355E-07   4.5229202175467731E-08   2.6828884418557834E-05   1.4395637769683772E-06   1.4382983542217278E-06   2.1073890084388455E-09   8.2607560257371914E-08   2.3954628717271664E-08   1.6583414328926031E-03   1.1677969394208824E-09   7.8166336810997321E-08   2.3637715574386594E-05   3.0785746886439978E-10   4.2764622864287635E-09   3.9101180883997466E-06   1.0450551626462028E-12   2.8545684897533415E-14   1.7811015813859662E-13   4.3651902793907955E-07   3.2659384398232942E-08   4.3401307838734388E-07   7.6038842829927845E-05   4.5030377779740088E-07   4.0736949601087180E-05   3.1093942946684423E-04   4.4461919670373597E-04   1.1570574654400971E-08   2.0540580735993070E-04   2.6375380025568502E-06   2.4586914129376183E-05   1.9288227938334648E-03   4.8522332613224127E-07   8.1294769508703714E-04   3.6091621227843390E-04   4.0930580587691640E-01   2.5829788357000101E-06   1.9841157041514111E-03   1.7473581992814520E-06   1.5053915760284271E-04   2.0686073490223975E-08   5.2936777664242542E-09   3.8677757002218727E-06   4.5427002786692566E-05   1.5401834316744361E-05   7.0640646383257957E-07   6.1577348591754000E-06   3.4354293945279850E-04   4.1325603196254001E-07   4.4976586106663636E-08   4.0002625826707864E-07   2.0808503710527756E-06   2.0307508334772801E-06   9.1788225959996217E-07   1.4516667270494990E-05   1.1955346056876228E-05   6.4749521411070054E-05   2.1072152472832101E-05   7.9106351045362197E-05   4.1634794865188969E-08   9.7304130886659708E-05   2.2504650994519730E-08   1.1459555396378104E-11   5.1069285535596555E-07
  6.8071596509626397E-18   4.7438651751672549E-10   5.7525218893566554E-07   5.5692869737377598E-07   1.3018190790024529E-03   1.2786997534801310E-07   4.4704637714779852E-08   5.9937755327823143E-10   1.7173753204015068E-05   3.5241079444664213E-09   1.7568958216519168E-10   4.7281342201223478E-08   8.5587518302643146E-12   7.0102877940480765E-11   4.1750876868311508E-08   7.9661175989873870E-13   8.7509316585325913E-12   3.6649270460143499E-05   7.6836631401430932E-15   6.6646371519558345E-19   9.3172648704884305E-16   1.8150094365443490E-06   8.2930919957368053E-06   7.3431783161506662E-07   6.2605810314520942E-05   8.0303688723244749E-10   8.8529239406209081E-08   4.3507288213303506E-05   6.7658794868731006E-06   2.7862205645842950E-05   5.7968745223941643E-05   7.5824536479613950E-06   5.8099507525648274E-08   2.3099766929614646E-06   2.0220733998828680E-08   6.1708453634173143E-07   4.7125652839187037E-07   4.2635728481745675E-06   1.2118100246309736E-09   2.2469455053537343E-06   2.0599791609320731E-05   1.0478165514319748E-03   1.2167989595432595E-09   1.2121691280145081E-07   3.7898056981877003E-04   5.9657133351853162E-05   2.1638837399503110E-08   4.7366944116817891E-11   9.6503893465366721E-09   1.4949410110914942E-04   3.5536466397426864E-01   1.2552417616643345E-04   1.3057397841917103E-03   8.5075144638024024E-04   8.6856389096540231E-09   1.1229915307717941E-09   2.5343256632573775E-05   3.6168154773035822E-10   3.4880345313639420E-04   1.2918346783825369E-06   1.1126374909952899E-03   5.1132282526180352E-05   8.1871435971952695E-07   2.5126920923482718E-06   8.8371626324654394E-06   2.8298363367375796E-05
  1.0862389950462824E-16   1.3482844220853784E-11   3.7845591569643437E-07   5.3583503188321072E-07   1.1626637615078944E-05   1.1995092649477964E-07   5.6716087023551011E-09   1.1287454539212392E-09   1.6238033875226995E-03   4.9067471325623096E-08   1.7122879829819404E-09   6.4487971942200251E-08   2.5556138310374807E-11   2.2038702108109434E-10   3.4678348936582163E-09   3.1677885248935443E-12   1.6916220607954043E-11   6.8240859306173896E-06   6.0744015863354494E-16   2.6161402343192654E-15   2.8436026014590939E-15   7.1855727336412295E-07   8.0756782490543234E-07   1.0112855479034487E-06   1.3055058160914498E-03   6.4085577168621179E-10   3.3846206947006654E-10   1.8258216259729546E-05   3.0694079330578105E-07   3.4094939177161803E-06   5.9252853590104462E-06   1.6914995394536671E-04   3.2785006602903626E-09   5.5651984688593476E-06   7.3796312605325718E-08   2.0656332745786535E-06   8.6273754932980957E-09   1.0817170245648079E-07   3.4210122352758599E-09   8.2300216911795794E-08   2.6596014681311435E-05   1.1830803353921708E-06   8.8679397544740911E-09   1.5139966996170919E-06   6.2239265721857873E-05   5.8147850684224749E-06   1.1969377547776670E-06   9.2495346669784454E-08   4.1828841363442817E-09   5.3919223580768289E-05   2.5917282915229690E-04   1.7617588404753614E-04   4.2807826575327890E-01   6.0579194166333699E-04   1.7626066146935530E-08   4.1322711063432038E-10   1.7391230957091485E-05   4.9771818962399535E-08   9.4654158733428160E-08   1.2817832712828213E-06   4.4133598353092462E-04   5.2685520821230201E-04   1.1260208644620016E-06   1.2076255375022857E-05   1.2402694804279673E-05   1.2222426739158651E-04
  5.9669154513027826E-17   4.4781638768819140E-13   4.7367150863494745E-10   1.0579476771334213E-08   8.9424360703127126E-06   1.2438825532648182E-09   4.0295918424644424E-14   2.3885211903914125E-12   1.6009370935738253E-03   2.4122412199131266E-11   2.3214954320471244E-11   4.3116236325631638E-10   6.6864605894173622E-13   1.2356192152874878E-11   2.9474382380723511E-11   2.1749285974247615E-14   2.2982084953094215E-13   4.2731156850740228E-07   3.0123098383657108E-15   5.3270862783303487E-14   5.9720531391833963E-15   3.3197389051742514E-08   1.7416848984074299E-07   7.2296534452378927E-09   1.6710537581989826E-03   9.6574629461747691E-12   1.0737698401998425E-09   1.5717053160701851E-04   8.7090112801854543E-08   6.8404889308781894E-07   8.7641696785607182E-05   2.5387119420520188E-05   8.8334700743521388E-10   6.1834521652045345E-07   1.0529728553203659E-09   1.6369845525239870E-08   3.0949108839031177E-09   1.6785242524136306E-07   1.9165669217129069E-10   1.7922669413657703E-08   2.0249437720914791E-05   2.2464591559123315E-05   1.5124353250575630E-10   3.6705516524712687E-09   2.3483699348004517E-05   8.8667235293531461E-06   2.7194897987345758E-09   7.8552577211677798E-12   3.6765950704110018E-10   2.4003177559837270E-06   2.0792590143046795E-04   4.2925448766781482E-01   1.6878078838220215E-04   9.7875233983149961E-05   1.0402661026661163E-10   3.2024964187664858E-13   4.7684983401547084E-05   2.3153048289789365E-08   2.4162650963830468E-05   3.7057977545065526E-09   2.2689212314061573E-04   1.0728200495753379E-06   3.4854701978520742E-10   3.3073076538463011E-07   4.1777456269496104E-07   2.7764128840518210E-06
  1.6370194616737504E-17   5.9523397447102108E-13   1.0582457751174211E-08   1.4420869067128820E-08   1.1848302029194710E-05   5.9337153122538338E-10   3.5605433182727216E-11   3.3059680327440120E-11   1.6034430696836132E-03   1.0685269375223281E-10   1.0439811202525944E-11   2.5809931371436711E-10   3.9738163583206553E-13   3.8487448868299777E-12   2.5344826303028300E-10   7.6547789654408576E-14   4.5244194652893725E-13   5.7754871961614669E-07   4.3192750137079931E-17   4.7213080504201045E-15   1.3262663179047944E-17   3.1143375188245780E-08   2.0967500538833098E-07   1.2919740192878226E-08   3.3615059641124885E-03   2.2298919656656692E-10   4.3206072856973027E-09   1.9301981533490061E-06   9.1752293699307560E-08   9.2841400357666897E-09   2.0601034625405314E-04   9.8997659016170977E-06   1.2414989730295362E-09   2.3105379261173110E-06   5.5038200281625019E-08   1.2346444460212732E-07   6.5034910359488476E-08   6.2933826838464247E-08   5.9251541208212358E-10   4.0888012582064219E-08   9.3194897171053296E-06   5.9524486052437113E-07   1.2706824336129361E-08   2.3487139747515713E-08   4.2102069383204110E-01   7.4590796298446909E-06   1.6369563069907330E-08   3.9968163761800126E-10   1.2457889286030866E-10   6.9831943683773181E-09   2.4493311850458036E-04   4.5759905027893997E-05   1.0505585710360898E-04   2.1784802883102952E-05   2.4753401431255239E-09   1.7142770179600127E-09   1.1730981219533433E-05   4.0148824170247836E-07   3.4403306142589905E-07   1.2150990554342718E-06   3.1191354496759490E-04   7.0123733474083640E-05   1.8276352773665782E-07   6.8197505001208167E-07   4.6900500713472920E-07   9.7931337605459991E-06
